{
    "Comment": "Step function to execute CAE Layer 5 glue jobs",
    "StartAt": "Start",
    "States": {
        "Start": {
            "Type": "Parallel",
            "Branches": [
                {
                    "StartAt": "cae-l5-isp-costelement",
                    "States": {
                        "cae-l5-isp-costelement": {
                            "Type": "Task",
                            "Resource": "arn:aws:states:::glue:startJobRun.sync",
                            "Parameters": {
                                "JobName": "${job1}"
                            },
                            "TimeoutSeconds": 3600,
                            "Retry": [
                                {
                                    "ErrorEquals": [
                                        "States.Timeout"
                                    ],
                                    "IntervalSeconds": 3,
                                    "MaxAttempts": 1,
                                    "BackoffRate": 1.5
                                }
                            ],
                            "End": true,
                            "Catch": [
                                {
                                    "ErrorEquals": [
                                        "States.ALL"
                                    ],
                                    "ResultPath": "$.error-info",
                                    "Next": "Fallback-Costelement"
                                }
                            ]
                        },
                        "Fallback-Costelement": {
                            "Type": "Pass",
                            "Parameters": {
                                "BranchOutput.$": "$",
                                "BranchError": true
                            },
                            "End": true
                        }
                    }
                },
                {
                    "StartAt": "cae-l5-isp-summary",
                    "States": {
                        "cae-l5-isp-summary": {
                            "Type": "Task",
                            "Resource": "arn:aws:states:::glue:startJobRun.sync",
                            "Parameters": {
                                "JobName": "${job2}"
                            },
                            "TimeoutSeconds": 3600,
                            "Retry": [
                                {
                                    "ErrorEquals": [
                                        "States.Timeout"
                                    ],
                                    "IntervalSeconds": 3,
                                    "MaxAttempts": 1,
                                    "BackoffRate": 1.5
                                }
                            ],
                            "End": true,
                            "Catch": [
                                {
                                    "ErrorEquals": [
                                        "States.ALL"
                                    ],
                                    "ResultPath": "$.error-info",
                                    "Next": "Fallback-Summary"
                                }
                            ]
                        },
                        "Fallback-Summary": {
                            "Type": "Pass",
                            "Parameters": {
                                "BranchOutput.$": "$",
                                "BranchError": true
                            },
                            "End": true
                        }
                    }
                }
            ],
            "ResultPath": "$.ParralelOutput",
            "Next": "PreProcess-CAEL5"
        },
        "PreProcess-CAEL5": {
            "Type": "Pass",
            "Parameters": {
                "OrderedArray": [
                    {
                        "OriginalData": {
                            "Input.$": "$",
                            "ShouldFilterData": false
                        }
                    },
                    {
                        "ValuesToCheck": {
                            "ListBranchErrors.$": "$.ParralelOutput[?(@.BranchError==true)].BranchError",
                            "BranchFailures": true
                        }
                    },
                    {
                        "DefaultAlwaysFalse": {
                            "ShouldFilterData": false,
                            "BranchFailures": false
                        }
                    }
                ]
            },
            "OutputPath": "$..[?(@.ShouldFilterData == false || @.ListBranchErrors[0] == true)]",
            "Next": "StatusCheck-CAEL5"
        },
        "StatusCheck-CAEL5": {
            "Type": "Choice",
            "OutputPath": "$.[0].Input",
            "Choices": [
                {
                    "Variable": "$[1].BranchFailures",
                    "BooleanEquals": true,
                    "Next": "Error"
                },
                {
                    "Variable": "$[1].BranchFailures",
                    "BooleanEquals": false,
                    "Next": "Done"
                }
            ],
            "Default": "Done"
        },
        "Done": {
            "Type": "Succeed"
        },
        "Error": {
            "Type": "Pass",
            "Next": "octagon-log"
        },
        "octagon-log": {
            "Type": "Task",
            "Resource": "${lambda1}",
            "Next": "Failed"
        },
        "Failed": {
            "Type": "Fail"
        }
    }
}