{
    "Comment": "Step function to execute PRE Layer 3 to Layer 4 glue jobs",
    "StartAt": "Start",
    "States": {
        "Start": {
            "Type": "Parallel",
            "Branches": [
                {
                    "StartAt": "glue-pre-l31-l4-salesbilling",
                    "States": {
                        "glue-pre-l31-l4-salesbilling": {
                            "Type": "Task",
                            "Resource": "arn:aws:states:::glue:startJobRun.sync",
                            "Parameters": {
                                "JobName": "${job1}"
                            },
                            "TimeoutSeconds": 3600,
                            "Retry": [
                                {
                                    "ErrorEquals": [
                                        "States.Timeout","Glue.AWSGlueException"
                                    ],
                                    "IntervalSeconds":10,
                                    "MaxAttempts": 25,
                                    "BackoffRate": 1.5
                                }
                            ],
                            "End": true,
                            "Catch": [
                                {
                                    "ErrorEquals": [
                                        "States.ALL"
                                    ],
                                    "ResultPath": "$.error-info",
                                    "Next": "Fallback-salesbilling"
                                }
                            ]
                        },
                        "Fallback-salesbilling": {
                            "Type": "Pass",
                            "Parameters": {
                                "BranchOutput.$": "$",
                                "BranchError": true
                            },
                            "End": true
                        }
                    }
                },
                {
                    "StartAt": "glue-pre-l31-l4-salespricing",
                    "States": {
                        "glue-pre-l31-l4-salespricing": {
                            "Type": "Task",
                            "Resource": "arn:aws:states:::glue:startJobRun.sync",
                            "Parameters": {
                                "JobName": "${job3}"
                            },
                            "TimeoutSeconds": 3600,
                            "Retry": [
                                {
                                    "ErrorEquals": [
                                        "States.Timeout","Glue.AWSGlueException"
                                    ],
                                    "IntervalSeconds":10,
                                    "MaxAttempts": 25,
                                    "BackoffRate": 1.5
                                }
                            ],
                            "End": true,
                            "Catch": [
                                {
                                    "ErrorEquals": [
                                        "States.ALL"
                                    ],
                                    "ResultPath": "$.error-info",
                                    "Next": "Fallback-salespricing"
                                }
                            ]
                        },
                        "Fallback-salespricing": {
                            "Type": "Pass",
                            "Parameters": {
                                "BranchOutput.$": "$",
                                "BranchError": true
                            },
                            "End": true
                        }
                    }
                },
                {
                    "StartAt": "glue-pre-l31-l4-salesbenchmark",
                    "States": {
                        "glue-pre-l31-l4-salesbenchmark": {
                            "Type": "Task",
                            "Resource": "arn:aws:states:::glue:startJobRun.sync",
                            "Parameters": {
                                "JobName": "${job4}"
                            },
                            "TimeoutSeconds": 3600,
                            "Retry": [
                                {
                                    "ErrorEquals": [
                                        "States.Timeout","Glue.AWSGlueException"
                                    ],
                                    "IntervalSeconds":10,
                                    "MaxAttempts": 25,
                                    "BackoffRate": 1.5
                                }
                            ],
                            "End": true,
                            "Catch": [
                                {
                                    "ErrorEquals": [
                                        "States.ALL"
                                    ],
                                    "ResultPath": "$.error-info",
                                    "Next": "Fallback-salesbenchmark"
                                }
                            ]
                        },
                        "Fallback-salesbenchmark": {
                            "Type": "Pass",
                            "Parameters": {
                                "BranchOutput.$": "$",
                                "BranchError": true
                            },
                            "End": true
                        }
                    }
                },
                {
                    "StartAt": "glue-pre-l31-l4-location",
                    "States": {
                        "glue-pre-l31-l4-location": {
                            "Type": "Task",
                            "Resource": "arn:aws:states:::glue:startJobRun.sync",
                            "Parameters": {
                                "JobName": "${job2}"
                            },
                            "TimeoutSeconds": 3600,
                            "Retry": [
                                {
                                    "ErrorEquals": [
                                        "States.Timeout","Glue.AWSGlueException"
                                    ],
                                    "IntervalSeconds":10,
                                    "MaxAttempts": 25,
                                    "BackoffRate": 1.5
                                }
                            ],
                            "End": true,
                            "Catch": [
                                {
                                    "ErrorEquals": [
                                        "States.ALL"
                                    ],
                                    "ResultPath": "$.error-info",
                                    "Next": "Fallback-location"
                                }
                            ]
                        },
                        "Fallback-location": {
                            "Type": "Pass",
                            "Parameters": {
                                "BranchOutput.$": "$",
                                "BranchError": true
                            },
                            "End": true
                        }
                    }
                }
            ],
            "ResultPath": "$.ParralelOutput",
            "Next": "Pre-Process"
          },
          "Pre-Process": {
            "Type": "Pass",
            "Parameters": {
              "OrderedArray": [
                {
                  "OriginalData": {
                    "Input.$": "$",
                    "ShouldFilterData": false
                  }
                },
                {
                  "ValuesToCheck": {
                    "ListBranchErrors.$": "$.ParralelOutput[?(@.BranchError==true)].BranchError",
                    "BranchFailures": true
                  }
                },
                {
                  "DefaultAlwaysFalse": {
                    "ShouldFilterData": false,
                    "BranchFailures": false
                  }
                }
              ]
            },
            "OutputPath": "$..[?(@.ShouldFilterData == false || @.ListBranchErrors[0] == true)]",
            "Next": "StatusCheck"
          },
          "StatusCheck": {
            "Type": "Choice",
            "OutputPath": "$.[0].Input",
            "Choices": [
              {
                "Variable": "$[1].BranchFailures",
                "BooleanEquals": true,
                "Next": "Error"
              },
              {
                "Variable": "$[1].BranchFailures",
                "BooleanEquals": false,
                "Next": "Done"
              }
            ],
            "Default": "Done"
          },
          "Done": {
            "Type": "Succeed"
          },
          "Error": {
            "Type": "Pass",
            "Next": "octagon-log"
        },
        "octagon-log": {
            "Type": "Task",
            "Resource": "${lambda1}",
            "Next": "Failed"
        },
        "Failed": {
            "Type": "Fail"
        }
    }
}