{
    "Comment": "Step function to execute PRE Layer 2 to Layer 3 glue jobs",
    "StartAt": "pre-l2-l3-date-range",
	"States": {
		"pre-l2-l3-date-range": {
			"Type": "Task",
			"Resource": "arn:aws:states:::glue:startJobRun.sync",
			"Parameters": {
				"JobName": "${job13}"
			},
			"TimeoutSeconds": 3600,
			"Retry": [
				{
					"ErrorEquals": [
						"States.Timeout","Glue.AWSGlueException"
					],
					"IntervalSeconds":10,
					"MaxAttempts": 25,
					"BackoffRate": 1.5
				}
			],
			"Catch": [
				{
					"ErrorEquals": [
						"States.ALL"
					],
					"ResultPath": "$.error-info",
					"Next": "Error"
				}
			],
			"ResultPath": "$.inputpayload",
			"Next": "general-data-crawler"
		},
		"general-data-crawler": {
		  "Type": "Task",
		  "Resource": "arn:aws:states:::lambda:invoke",
		  "Parameters": {
			  "FunctionName": "${function}",
			  "Payload": {
				  "crawler_name": "${crawler2}"
			  }
		  },
		  "Catch": [
			  {
				  "ErrorEquals": [
					  "States.ALL"
				  ],
				  "ResultPath": "$.error-info",
				  "Next": "Error"
			  }
		  ],
		  "ResultPath": "$.inputpayload",
		  "Next": "wait_seconds"
	  },
	  "wait_seconds": {
		  "Type": "Wait",
		  "Seconds": 300,
		  "Next": "Layer-3"
	  },
      "Layer-3": {
        "Type": "Parallel",
            "Branches": [
                {
                    "StartAt": "pre-l2-l3-konv",
                    "States": {
                        "pre-l2-l3-konv": {
                            "Type": "Task",
                            "Resource": "arn:aws:states:::glue:startJobRun.sync",
                            "Parameters": {
                                "JobName": "${job1}"
                            },
                            "TimeoutSeconds": 7200,
                            "Retry": [
                                {
                                    "ErrorEquals": [
                                        "States.Timeout","Glue.AWSGlueException"
                                    ],
                                    "IntervalSeconds":10,
                                    "MaxAttempts": 25,
                                    "BackoffRate": 1.5
                                }
                            ],
                            "End": true,
                            "Catch": [
                                {
                                    "ErrorEquals": [
                                        "States.ALL"
                                    ],
                                    "ResultPath": "$.error-info",
                                    "Next": "Fallback-konv"
                                }
                            ]
                        },
                        "Fallback-konv": {
                            "Type": "Pass",
                            "Parameters": {
                                "BranchOutput.$": "$",
                                "BranchError": true
                            },
                            "End": true
                        }
                    }
                },
                {
                    "StartAt": "pre-l2-l3-lipso2",
                    "States": {
                        "pre-l2-l3-lipso2": {
                            "Type": "Task",
                            "Resource": "arn:aws:states:::glue:startJobRun.sync",
                            "Parameters": {
                                "JobName": "${job3}"
                            },
                            "TimeoutSeconds": 7200,
                            "Retry": [
                                {
                                    "ErrorEquals": [
                                        "States.Timeout","Glue.AWSGlueException"
                                    ],
                                    "IntervalSeconds":10,
                                    "MaxAttempts": 25,
                                    "BackoffRate": 1.5
                                }
                            ],
                            "End": true,
                            "Catch": [
                                {
                                    "ErrorEquals": [
                                        "States.ALL"
                                    ],
                                    "ResultPath": "$.error-info",
                                    "Next": "Fallback-lipso2"
                                }
                            ]
                        },
                        "Fallback-lipso2": {
                            "Type": "Pass",
                            "Parameters": {
                                "BranchOutput.$": "$",
                                "BranchError": true
                            },
                            "End": true
                        }
                    }
                },
                {
                    "StartAt": "pre-l2-l3-master",
                    "States": {
                        "pre-l2-l3-master": {
                            "Type": "Task",
                            "Resource": "arn:aws:states:::glue:startJobRun.sync",
                            "Parameters": {
                                "JobName": "${job4}"
                            },
                            "TimeoutSeconds": 3600,
                            "Retry": [
                                {
                                    "ErrorEquals": [
                                        "States.Timeout","Glue.AWSGlueException"
                                    ],
                                    "IntervalSeconds":10,
                                    "MaxAttempts": 25,
                                    "BackoffRate": 1.5
                                }
                            ],
                            "End": true,
                            "Catch": [
                                {
                                    "ErrorEquals": [
                                        "States.ALL"
                                    ],
                                    "ResultPath": "$.error-info",
                                    "Next": "Fallback-master"
                                }
                            ]
                        },
                        "Fallback-master": {
                            "Type": "Pass",
                            "Parameters": {
                                "BranchOutput.$": "$",
                                "BranchError": true
                            },
                            "End": true
                        }
                    }
                },
                {
                    "StartAt": "pre-l2-l3-tcurr",
                    "States": {
                        "pre-l2-l3-tcurr": {
                            "Type": "Task",
                            "Resource": "arn:aws:states:::glue:startJobRun.sync",
                            "Parameters": {
                                "JobName": "${job5}"
                            },
                            "TimeoutSeconds": 3600,
                            "Retry": [
                                {
                                    "ErrorEquals": [
                                        "States.Timeout","Glue.AWSGlueException"
                                    ],
                                    "IntervalSeconds":10,
                                    "MaxAttempts": 25,
                                    "BackoffRate": 1.5
                                }
                            ],
                            "End": true,
                            "Catch": [
                                {
                                    "ErrorEquals": [
                                        "States.ALL"
                                    ],
                                    "ResultPath": "$.error-info",
                                    "Next": "Fallback-tcurr"
                                }
                            ]
                        },
                        "Fallback-tcurr": {
                            "Type": "Pass",
                            "Parameters": {
                                "BranchOutput.$": "$",
                                "BranchError": true
                            },
                            "End": true
                        }
                    }
                },
                {
                    "StartAt": "pre-l2-l3-vbpa",
                    "States": {
                        "pre-l2-l3-vbpa": {
                            "Type": "Task",
                            "Resource": "arn:aws:states:::glue:startJobRun.sync",
                            "Parameters": {
                                "JobName": "${job6}"
                            },
                            "TimeoutSeconds": 3600,
                            "Retry": [
                                {
                                    "ErrorEquals": [
                                        "States.Timeout","Glue.AWSGlueException"
                                    ],
                                    "IntervalSeconds":10,
                                    "MaxAttempts": 25,
                                    "BackoffRate": 1.5
                                }
                            ],
                            "End": true,
                            "Catch": [
                                {
                                    "ErrorEquals": [
                                        "States.ALL"
                                    ],
                                    "ResultPath": "$.error-info",
                                    "Next": "Fallback-vbpa"
                                }
                            ]
                        },
                        "Fallback-vbpa": {
                            "Type": "Pass",
                            "Parameters": {
                                "BranchOutput.$": "$",
                                "BranchError": true
                            },
                            "End": true
                        }
                    }
                },
                {
                    "StartAt": "pre-l2-l3-vbrk",
                    "States": {
                        "pre-l2-l3-vbrk": {
                            "Type": "Task",
                            "Resource": "arn:aws:states:::glue:startJobRun.sync",
                            "Parameters": {
                                "JobName": "${job7}"
                            },
                            "TimeoutSeconds": 3600,
                            "Retry": [
                                {
                                    "ErrorEquals": [
                                        "States.Timeout","Glue.AWSGlueException"
                                    ],
                                    "IntervalSeconds":10,
                                    "MaxAttempts": 25,
                                    "BackoffRate": 1.5
                                }
                            ],
                            "End": true,
                            "Catch": [
                                {
                                    "ErrorEquals": [
                                        "States.ALL"
                                    ],
                                    "ResultPath": "$.error-info",
                                    "Next": "Fallback-vbrk"
                                }
                            ]
                        },
                        "Fallback-vbrk": {
                            "Type": "Pass",
                            "Parameters": {
                                "BranchOutput.$": "$",
                                "BranchError": true
                            },
                            "End": true
                        }
                    }
                },
                {
                    "StartAt": "pre-l2-l3-vbrp",
                    "States": {
                        "pre-l2-l3-vbrp": {
                            "Type": "Task",
                            "Resource": "arn:aws:states:::glue:startJobRun.sync",
                            "Parameters": {
                                "JobName": "${job8}"
                            },
                            "TimeoutSeconds": 7200,
                            "Retry": [
                                {
                                    "ErrorEquals": [
                                        "States.Timeout","Glue.AWSGlueException"
                                    ],
                                    "IntervalSeconds":10,
                                    "MaxAttempts": 25,
                                    "BackoffRate": 1.5
                                }
                            ],
                            "End": true,
                            "Catch": [
                                {
                                    "ErrorEquals": [
                                        "States.ALL"
                                    ],
                                    "ResultPath": "$.error-info",
                                    "Next": "Fallback-vbrp"
                                }
                            ]
                        },
                        "Fallback-vbrp": {
                            "Type": "Pass",
                            "Parameters": {
                                "BranchOutput.$": "$",
                                "BranchError": true
                            },
                            "End": true
                        }
                    }
                },
                {
                    "StartAt": "pre-l2-l3-zcas_bmca_benchmark_adj",
                    "States": {
                        "pre-l2-l3-zcas_bmca_benchmark_adj": {
                            "Type": "Task",
                            "Resource": "arn:aws:states:::glue:startJobRun.sync",
                            "Parameters": {
                                "JobName": "${job9}"
                            },
                            "TimeoutSeconds": 3600,
                            "Retry": [
                                {
                                    "ErrorEquals": [
                                        "States.Timeout","Glue.AWSGlueException"
                                    ],
                                    "IntervalSeconds":10,
                                    "MaxAttempts": 25,
                                    "BackoffRate": 1.5
                                }
                            ],
                            "End": true,
                            "Catch": [
                                {
                                    "ErrorEquals": [
                                        "States.ALL"
                                    ],
                                    "ResultPath": "$.error-info",
                                    "Next": "Fallback-benchmark"
                                }
                            ]
                        },
                        "Fallback-benchmark": {
                            "Type": "Pass",
                            "Parameters": {
                                "BranchOutput.$": "$",
                                "BranchError": true
                            },
                            "End": true
                        }
                    }
                },
                {
                    "StartAt": "pre-l2-l3-zsds_cond_exch",
                    "States": {
                        "pre-l2-l3-zsds_cond_exch": {
                            "Type": "Task",
                            "Resource": "arn:aws:states:::glue:startJobRun.sync",
                            "Parameters": {
                                "JobName": "${job10}"
                            },
                            "TimeoutSeconds": 3600,
                            "Retry": [
                                {
                                    "ErrorEquals": [
                                        "States.Timeout","Glue.AWSGlueException"
                                    ],
                                    "IntervalSeconds":10,
                                    "MaxAttempts": 25,
                                    "BackoffRate": 1.5
                                }
                            ],
                            "End": true,
                            "Catch": [
                                {
                                    "ErrorEquals": [
                                        "States.ALL"
                                    ],
                                    "ResultPath": "$.error-info",
                                    "Next": "Fallback-cond_exch"
                                }
                            ]
                        },
                        "Fallback-cond_exch": {
                            "Type": "Pass",
                            "Parameters": {
                                "BranchOutput.$": "$",
                                "BranchError": true
                            },
                            "End": true
                        }
                    }
                },
                {
                    "StartAt": "pre-l2-l3-vbak",
                    "States": {
                        "pre-l2-l3-vbak": {
                            "Type": "Task",
                            "Resource": "arn:aws:states:::glue:startJobRun.sync",
                            "Parameters": {
                                "JobName": "${job12}"
                            },
                            "TimeoutSeconds": 3600,
                            "Retry": [
                                {
                                    "ErrorEquals": [
                                        "States.Timeout","Glue.AWSGlueException"
                                    ],
                                    "IntervalSeconds":10,
                                    "MaxAttempts": 25,
                                    "BackoffRate": 1.5
                                }
                            ],
                            "End": true,
                            "Catch": [
                                {
                                    "ErrorEquals": [
                                        "States.ALL"
                                    ],
                                    "ResultPath": "$.error-info",
                                    "Next": "Fallback-vbak"
                                }
                            ]
                        },
                        "Fallback-vbak": {
                            "Type": "Pass",
                            "Parameters": {
                                "BranchOutput.$": "$",
                                "BranchError": true
                            },
                            "End": true
                        }
                    }
                },
                {
                    "StartAt": "pre-l2-l3-location",
                    "States": {
                        "pre-l2-l3-location": {
                            "Type": "Task",
                            "Resource": "arn:aws:states:::glue:startJobRun.sync",
                            "Parameters": {
                                "JobName": "${job11}"
                            },
                            "TimeoutSeconds": 3600,
                            "Retry": [
                                {
                                    "ErrorEquals": [
                                        "States.Timeout","Glue.AWSGlueException"
                                    ],
                                    "IntervalSeconds":10,
                                    "MaxAttempts": 25,
                                    "BackoffRate": 1.5
                                }
                            ],
                            "End": true,
                            "Catch": [
                                {
                                    "ErrorEquals": [
                                        "States.ALL"
                                    ],
                                    "ResultPath": "$.error-info",
                                    "Next": "Fallback-location"
                                }
                            ]
                        },
                        "Fallback-location": {
                            "Type": "Pass",
                            "Parameters": {
                                "BranchOutput.$": "$",
                                "BranchError": true
                            },
                            "End": true
                        }
                    }
                }
            ],
            "ResultPath": "$.ParralelOutput",
            "Next": "Pre-Process"
        },
        "Pre-Process": {
            "Type": "Pass",
            "Parameters": {
                "OrderedArray": [
                    {
                        "OriginalData": {
                            "Input.$": "$",
                            "ShouldFilterData": false
                        }
                    },
                    {
                        "ValuesToCheck": {
                            "ListBranchErrors.$": "$.ParralelOutput[?(@.BranchError==true)].BranchError",
                            "BranchFailures": true
                        }
                    },
                    {
                        "DefaultAlwaysFalse": {
                            "ShouldFilterData": false,
                            "BranchFailures": false
                        }
                    }
                ]
            },
            "OutputPath": "$..[?(@.ShouldFilterData == false || @.ListBranchErrors[0] == true)]",
            "Next": "StatusCheck"
        },
        "StatusCheck": {
            "Type": "Choice",
            "OutputPath": "$.[0].Input",
            "Choices": [
                {
                    "Variable": "$[1].BranchFailures",
                    "BooleanEquals": true,
                    "Next": "Error"
                },
                {
                    "Variable": "$[1].BranchFailures",
                    "BooleanEquals": false,
                    "Next": "l3-crawler"
                }
            ],
            "Default": "l3-crawler"
        },
		"l3-crawler": {
            "Type": "Task",
            "Resource": "arn:aws:states:::lambda:invoke",
            "Parameters": {
                "FunctionName": "${function}",
                "Payload": {
                    "crawler_name": "${crawler1}"
                }
            },
            "Catch": [
                {
                    "ErrorEquals": [
                        "States.ALL"
                    ],
                    "ResultPath": "$.error-info",
                    "Next": "Error"
                }
            ],
            "ResultPath": "$.inputpayload",
            "Next": "wait_seconds1"
        },
        "wait_seconds1": {
            "Type": "Wait",
            "Seconds": 900,
            "Next": "Done"
        },
        "Done": {
            "Type": "Succeed"
        },
        "Error": {
            "Type": "Pass",
            "Next": "octagon-log"
        },
        "octagon-log": {
            "Type": "Task",
            "Resource": "${lambda1}",
            "Next": "Failed"
        },
        "Failed": {
            "Type": "Fail"
        }
    }
}