{
	"Comment": "Execute Tender Management- Salesforce Layer 3 and Layer 4 glue jobs",
	"StartAt": "Start",
	"States": {
		"Start": {
			"Type": "Parallel",
			"Branches": [
				{
					"StartAt": "salesforce-header",
					"States": {
						"salesforce-header": {
							"Type": "Task",
							"Resource": "arn:aws:states:::glue:startJobRun.sync",
							"Parameters": {
								"JobName": "${job1}"
							},
							"TimeoutSeconds": 3600,
							"Retry": [
								{
									"ErrorEquals": [
										"States.Timeout","Glue.AWSGlueException"
									],
									"IntervalSeconds": 10,
									"MaxAttempts": 25,
									"BackoffRate": 1.5
								}
							],
							"End": true,
							"Catch": [
								{
									"ErrorEquals": [
										"States.ALL"
									],
									"ResultPath": "$.error-info",
									"Next": "Fallback-sf-header"
								}
							]
						},
						"Fallback-sf-header": {
							"Type": "Pass",
							"Parameters": {
								"BranchOutput.$": "$",
								"BranchError": true
							},
							"End": true
						}
					}
				},
				{
					"StartAt": "salesforce-line-item",
					"States": {
						"salesforce-line-item": {
							"Type": "Task",
							"Resource": "arn:aws:states:::glue:startJobRun.sync",
							"Parameters": {
								"JobName": "${job2}"
							},
							"TimeoutSeconds": 3600,
							"Retry": [
								{
									"ErrorEquals": [
										"States.Timeout","Glue.AWSGlueException"
									],
									"IntervalSeconds": 10,
									"MaxAttempts": 25,
									"BackoffRate": 1.5
								}
							],
							"End": true,
							"Catch": [
								{
									"ErrorEquals": [
										"States.ALL"
									],
									"ResultPath": "$.error-info",
									"Next": "Fallback-sf-line-item"
								}
							]
						},
						"Fallback-sf-line-item": {
							"Type": "Pass",
							"Parameters": {
								"BranchOutput.$": "$",
								"BranchError": true
							},
							"End": true
						}
					}
				},
				{
					"StartAt": "salesforce-location",
					"States": {
						"salesforce-location": {
							"Type": "Task",
							"Resource": "arn:aws:states:::glue:startJobRun.sync",
							"Parameters": {
								"JobName": "${job3}"
							},
							"TimeoutSeconds": 3600,
							"Retry": [
								{
									"ErrorEquals": [
										"States.Timeout","Glue.AWSGlueException"
									],
									"IntervalSeconds": 10,
									"MaxAttempts": 25,
									"BackoffRate": 1.5
								}
							],
							"End": true,
							"Catch": [
								{
									"ErrorEquals": [
										"States.ALL"
									],
									"ResultPath": "$.error-info",
									"Next": "Fallback-sf-location"
								}
							]
						},
						"Fallback-sf-location": {
							"Type": "Pass",
							"Parameters": {
								"BranchOutput.$": "$",
								"BranchError": true
							},
							"End": true
						}
					}
				},
				{
					"StartAt": "salesforce-account",
					"States": {
						"salesforce-account": {
							"Type": "Task",
							"Resource": "arn:aws:states:::glue:startJobRun.sync",
							"Parameters": {
								"JobName": "${job4}"
							},
							"TimeoutSeconds": 3600,
							"Retry": [
								{
									"ErrorEquals": [
										"States.Timeout","Glue.AWSGlueException"
									],
									"IntervalSeconds": 10,
									"MaxAttempts": 25,
									"BackoffRate": 1.5
								}
							],
							"End": true,
							"Catch": [
								{
									"ErrorEquals": [
										"States.ALL"
									],
									"ResultPath": "$.error-info",
									"Next": "Fallback-sf-account"
								}
							]
						},
						"Fallback-sf-account": {
							"Type": "Pass",
							"Parameters": {
								"BranchOutput.$": "$",
								"BranchError": true
							},
							"End": true
						}
					}
				}
			],
			"ResultPath": "$.ParralelOutput",
			"Next": "Pre-Process"
		},
		"Pre-Process": {
			"Type": "Pass",
			"Parameters": {
				"OrderedArray": [
					{
						"OriginalData": {
							"Input.$": "$",
							"ShouldFilterData": false
						}
					},
					{
						"ValuesToCheck": {
							"ListBranchErrors.$": "$.ParralelOutput[?(@.BranchError==true)].BranchError",
							"BranchFailures": true
						}
					},
					{
						"DefaultAlwaysFalse": {
							"ShouldFilterData": false,
							"BranchFailures": false
						}
					}
				]
			},
			"OutputPath": "$..[?(@.ShouldFilterData == false || @.ListBranchErrors[0] == true)]",
			"Next": "StatusCheck"
		},
		"StatusCheck": {
			"Type": "Choice",
			"OutputPath": "$.[0].Input",
			"Choices": [
				{
					"Variable": "$[1].BranchFailures",
					"BooleanEquals": true,
					"Next": "Error"
				},
				{
					"Variable": "$[1].BranchFailures",
					"BooleanEquals": false,
					"Next": "Start-crawler"
				}
			],

			"Default": "Start-crawler"
		},
		"Start-crawler": {
			"Type": "Task",
			"Resource": "arn:aws:states:::lambda:invoke",
			"Parameters": {
				"FunctionName": "${function1}",
				"Payload": {
					"KeyRandom1": "ValueRandom1",
					"KeyRandom2": "ValueRandom2"
                }
			},
			"Catch": [
				{
					"ErrorEquals": [
						"States.ALL"
					],
					"ResultPath": "$.error-info",
					"Next": "Error"
				}
			],

			"Next": "fact-tenders-salesforce"
		},
		"fact-tenders-salesforce": {
			"Type": "Task",
			"Resource": "arn:aws:states:::glue:startJobRun.sync",
			"Parameters": {
				"JobName": "${job5}"
			},
			"Catch": [
				{
					"ErrorEquals": [
						"States.ALL"
					],
					"ResultPath": "$.error-info",
					"Next": "Error"
				}
			],
            "ResultPath": "$.inputpayload",
			"Next": "Start-crawler2"
		},
		"Start-crawler2": {
			"Type": "Task",
			"Resource": "arn:aws:states:::lambda:invoke",
			"Parameters": {
				"FunctionName": "${function2}"
			},
			"Catch": [
				{
					"ErrorEquals": [
						"States.ALL"
					],
					"ResultPath": "$.error-info",
					"Next": "Error"
				}
			],
            "ResultPath": "$.inputpayload",
			"Next": "Done"
		},
		"Done": {
			"Type": "Succeed"
		},
        "Error": {
            "Type": "Pass",
            "Next": "octagon-log"
        },
        "octagon-log": {
            "Type": "Task",
            "Resource": "${lambda1}",
            "Next": "Failed"
        },
        "Failed": {
            "Type": "Fail"
        }
    }
}