{
    "dev": {
        "use_case_list": [
           {
                "name": "ih-gct-layer-3-6",
                "notify_on_failure": true,
                "target_database": "conform_main_aviation"
            }
        ]
    },
    "test":  {
        "use_case_list": [
            {
                "name": "development-adhoc",
                "notify_on_failure": true,
                "target_database": "conform_main_aviation"
            }            ]
    },
    "preprod":  {
        "use_case_list": [
            {
                "name": "development-adhoc",
                "notify_on_failure": true,
                "target_database": "conform_main_aviation"
            }            ]
    },
    "prod":   {
        "use_case_list":  [
           {
                "name": "ih-sun-layer-3",
                "notify_on_failure": true,
                "target_database": "conform_main_aviation"
            },
           {
                "name": "ih-sun-layer-5",
                "notify_on_failure": true,
                "target_database": "conform_main_aviation"
            },
           {
                "name": "ih-isp-p1-layer-3",
                "notify_on_failure": true,
                "target_database": "conform_main_aviation"
            },
           {
                "name": "ih-isp-p1-layer-3",
                "notify_on_failure": true,
                "target_database": "conform_main_aviation"
            }
        ]
    }
}