  {
      "Comment": "Step function to execute ISP Layer 2 to Layer 3 glue jobs",
      "StartAt": "Start",
      "States": {
        "Start": {
          "Type": "Parallel",
          "Branches": [
            {
              "StartAt": "isp-l2-l3-inv-sales",
              "States": {
                "isp-l2-l3-inv-sales": {
                  "Type": "Task",
                  "Resource": "arn:aws:states:::glue:startJobRun.sync",
                  "Parameters": {
                    "JobName": "${job1}"
                  },
                  "TimeoutSeconds": 3600,
                  "Retry": [
                    {
                      "ErrorEquals": [
                        "States.Timeout","Glue.AWSGlueException"
                      ],
                      "IntervalSeconds":10,
                      "MaxAttempts": 25,
                      "BackoffRate": 1.5
                    }
                  ],
                  "End": true,
                  "Catch": [
                      {
                          "ErrorEquals": [
                              "States.ALL"
                          ],
                          "ResultPath": "$.error-info",
                          "Next": "Fallback-inv-sales"
                      }
                  ]
              },
              "Fallback-inv-sales": {
                  "Type": "Pass",
                  "Parameters": {
                      "BranchOutput.$": "$",
                      "BranchError": true
                  },
                  "End": true
                }
              }
            },
            {
              "StartAt": "isp-l2-l3-inv-sales-line",
              "States": {
                "isp-l2-l3-inv-sales-line": {
                  "Type": "Task",
                  "Resource": "arn:aws:states:::glue:startJobRun.sync",
                  "Parameters": {
                    "JobName": "${job2}"
                  },
                  "TimeoutSeconds": 3600,
                  "Retry": [
                    {
                      "ErrorEquals": [
                        "States.Timeout","Glue.AWSGlueException"
                      ],
                      "IntervalSeconds":10,
                      "MaxAttempts": 25,
                      "BackoffRate": 1.5
                    }
                  ],
                  "End": true,
                  "Catch": [
                      {
                          "ErrorEquals": [
                              "States.ALL"
                          ],
                          "ResultPath": "$.error-info",
                          "Next": "Fallback-sales-line"
                      }
                  ]
              },
              "Fallback-sales-line": {
                  "Type": "Pass",
                  "Parameters": {
                      "BranchOutput.$": "$",
                      "BranchError": true
                  },
                  "End": true
                }
              }
            },
            {
              "StartAt": "isp-l2-l3-inv-sort-type",
              "States": {
                "isp-l2-l3-inv-sort-type": {
                  "Type": "Task",
                  "Resource": "arn:aws:states:::glue:startJobRun.sync",
                  "Parameters": {
                    "JobName": "${job3}"
                  },
                  "TimeoutSeconds": 3600,
                  "Retry": [
                    {
                      "ErrorEquals": [
                        "States.Timeout","Glue.AWSGlueException"
                      ],
                      "IntervalSeconds":10,
                      "MaxAttempts": 25,
                      "BackoffRate": 1.5
                    }
                  ],
                  "End": true,
                  "Catch": [
                      {
                          "ErrorEquals": [
                              "States.ALL"
                          ],
                          "ResultPath": "$.error-info",
                          "Next": "Fallback-sort-type"
                      }
                  ]
              },
              "Fallback-sort-type": {
                  "Type": "Pass",
                  "Parameters": {
                      "BranchOutput.$": "$",
                      "BranchError": true
                  },
                  "End": true
                }
              }
            },
            {
              "StartAt": "isp-l2-l3-iop-head-invoice-header",
              "States": {
                "isp-l2-l3-iop-head-invoice-header": {
                  "Type": "Task",
                  "Resource": "arn:aws:states:::glue:startJobRun.sync",
                  "Parameters": {
                    "JobName": "${job4}"
                  },
                  "TimeoutSeconds": 3600,
                  "Retry": [
                    {
                      "ErrorEquals": [
                        "States.Timeout","Glue.AWSGlueException"
                      ],
                      "IntervalSeconds":10,
                      "MaxAttempts": 25,
                      "BackoffRate": 1.5
                    }
                  ],
                  "End": true,
                  "Catch": [
                      {
                          "ErrorEquals": [
                              "States.ALL"
                          ],
                          "ResultPath": "$.error-info",
                          "Next": "Fallback-invoice-header"
                      }
                  ]
              },
              "Fallback-invoice-header": {
                  "Type": "Pass",
                  "Parameters": {
                      "BranchOutput.$": "$",
                      "BranchError": true
                  },
                  "End": true
                }
              }
            },
            {
              "StartAt": "isp-l2-l3-iop-line-invoice-line",
              "States": {
                "isp-l2-l3-iop-line-invoice-line": {
                  "Type": "Task",
                  "Resource": "arn:aws:states:::glue:startJobRun.sync",
                  "Parameters": {
                    "JobName": "${job5}"
                  },
                  "TimeoutSeconds": 3600,
                  "Retry": [
                    {
                      "ErrorEquals": [
                        "States.Timeout","Glue.AWSGlueException"
                      ],
                      "IntervalSeconds":10,
                      "MaxAttempts": 25,
                      "BackoffRate": 1.5
                    }
                  ],
                  "End": true,
                  "Catch": [
                      {
                          "ErrorEquals": [
                              "States.ALL"
                          ],
                          "ResultPath": "$.error-info",
                          "Next": "Fallback-invoice-line"
                      }
                  ]
              },
              "Fallback-invoice-line": {
                  "Type": "Pass",
                  "Parameters": {
                      "BranchOutput.$": "$",
                      "BranchError": true
                  },
                  "End": true
                }
              }
            },
            {
              "StartAt": "isp-l2-l3-conf-stk-mvmt",
              "States": {
                "isp-l2-l3-conf-stk-mvmt": {
                  "Type": "Task",
                  "Resource": "arn:aws:states:::glue:startJobRun.sync",
                  "Parameters": {
                    "JobName": "${job6}"
                  },
                  "TimeoutSeconds": 3600,
                  "Retry": [
                    {
                      "ErrorEquals": [
                        "States.Timeout","Glue.AWSGlueException"
                      ],
                      "IntervalSeconds":10,
                      "MaxAttempts": 25,
                      "BackoffRate": 1.5
                    }
                  ],
                  "End": true,
                  "Catch": [
                      {
                          "ErrorEquals": [
                              "States.ALL"
                          ],
                          "ResultPath": "$.error-info",
                          "Next": "Fallback-conf-stk-mvmt"
                      }
                  ]
              },
              "Fallback-conf-stk-mvmt": {
                  "Type": "Pass",
                  "Parameters": {
                      "BranchOutput.$": "$",
                      "BranchError": true
                  },
                  "End": true
                }
              }
            }
          ],
          "ResultPath": "$.ParralelOutput",
          "Next": "Pre-Process"
      },
      "Pre-Process": {
          "Type": "Pass",
          "Parameters": {
              "OrderedArray": [
                  {
                      "OriginalData": {
                          "Input.$": "$",
                          "ShouldFilterData": false
                      }
                  },
                  {
                      "ValuesToCheck": {
                          "ListBranchErrors.$": "$.ParralelOutput[?(@.BranchError==true)].BranchError",
                          "BranchFailures": true
                      }
                  },
                  {
                      "DefaultAlwaysFalse": {
                          "ShouldFilterData": false,
                          "BranchFailures": false
                      }
                  }
              ]
          },
          "OutputPath": "$..[?(@.ShouldFilterData == false || @.ListBranchErrors[0] == true)]",
          "Next": "StatusCheck"
      },
      "StatusCheck": {
          "Type": "Choice",
          "OutputPath": "$.[0].Input",
          "Choices": [
              {
                  "Variable": "$[1].BranchFailures",
                  "BooleanEquals": true,
                  "Next": "Error"
              },
              {
                  "Variable": "$[1].BranchFailures",
                  "BooleanEquals": false,
                  "Next": "Done"
              }
          ],
          "Default": "Done"
      },
      "Done": {
          "Type": "Succeed"
      },
          "Error": {
              "Type": "Pass",
              "Next": "octagon-log"
          },
          "octagon-log": {
              "Type": "Task",
              "Resource": "${lambda1}",
              "Next": "Failed"
          },
          "Failed": {
              "Type": "Fail"
          }
      }
  }