{
    "Comment": "Step function to execute CAE Layer 3 glue jobs",
    "StartAt": "Start",
    "States": {
        "Start": {
            "Type": "Parallel",
            "Branches": [
                {
                    "StartAt": "imi-prod-grp-man",
                    "States": {
                        "imi-prod-grp-man": {
                            "Type": "Task",
                            "Resource": "arn:aws:states:::glue:startJobRun.sync",
                            "Parameters": {
                                "JobName": "${job1}"
                            },
                            "TimeoutSeconds": 3600,
                            "Retry": [
                                {
                                    "ErrorEquals": [
                                        "States.Timeout","Glue.AWSGlueException"
                                    ],
                                    "IntervalSeconds":10,
                                    "MaxAttempts": 25,
                                    "BackoffRate": 1.5
                                }
                            ],
                            "End": true,
							"Catch": [
								{
									"ErrorEquals": [
										"States.ALL"
									],
									"ResultPath": "$.error-info",
									"Next": "Fallback-grp-man"
								}
							]
						},
						"Fallback-grp-man": {
							"Type": "Pass",
							"Parameters": {
								"BranchOutput.$": "$",
								"BranchError": true
							},
							"End": true
                        }
                    }
                },
                {
                    "StartAt": "imi-cost-data",
                    "States": {
                        "imi-cost-data": {
                            "Type": "Task",
                            "Resource": "arn:aws:states:::glue:startJobRun.sync",
                            "Parameters": {
                                "JobName": "${job2}"
                            },
                            "TimeoutSeconds": 3600,
                            "Retry": [
                                {
                                    "ErrorEquals": [
                                        "States.Timeout","Glue.AWSGlueException"
                                    ],
                                    "IntervalSeconds":10,
                                    "MaxAttempts": 25,
                                    "BackoffRate": 1.5
                                }
                            ],
                            "Catch": [
								{
									"ErrorEquals": [
										"States.ALL"
									],
									"ResultPath": "$.error-info",
									"Next": "Fallback-cost-data"
								}
							],
                            "Next": "imi-cost-data-add"
                        },
                        "Fallback-cost-data": {
							"Type": "Pass",
							"Parameters": {
								"BranchOutput.$": "$",
								"BranchError": true
							},
							"End": true
                        },
                        "imi-cost-data-add": {
                            "Type": "Task",
                            "Resource": "arn:aws:states:::glue:startJobRun.sync",
                            "Parameters": {
                                "JobName": "${job3}"
                            },
                            "TimeoutSeconds": 3600,
                            "Retry": [
                                {
                                    "ErrorEquals": [
                                        "States.Timeout","Glue.AWSGlueException"
                                    ],
                                    "IntervalSeconds":10,
                                    "MaxAttempts": 25,
                                    "BackoffRate": 1.5
                                }
                            ],
                            "End": true,
							"Catch": [
								{
									"ErrorEquals": [
										"States.ALL"
									],
									"ResultPath": "$.error-info",
									"Next": "Fallback-cost-data-add"
								}
							]
						},
						"Fallback-cost-data-add": {
							"Type": "Pass",
							"Parameters": {
								"BranchOutput.$": "$",
								"BranchError": true
							},
							"End": true
                        }
                    }
                },
                {
                    "StartAt": "glue-cae-l2-l3-apc-alro-all",
                    "States": {
                        "glue-cae-l2-l3-apc-alro-all": {
                            "Type": "Task",
                            "Resource": "arn:aws:states:::glue:startJobRun.sync",
                            "Parameters": {
                                "JobName": "${job4}"
                            },
                            "TimeoutSeconds": 3600,
                            "Retry": [
                                {
                                    "ErrorEquals": [
                                        "States.Timeout","Glue.AWSGlueException"
                                    ],
                                    "IntervalSeconds":10,
                                    "MaxAttempts": 25,
                                    "BackoffRate": 1.5
                                }
                            ],
                            "End": true,
							"Catch": [
								{
									"ErrorEquals": [
										"States.ALL"
									],
									"ResultPath": "$.error-info",
									"Next": "Fallback-apc-alro-all"
								}
							]
						},
						"Fallback-apc-alro-all": {
							"Type": "Pass",
							"Parameters": {
								"BranchOutput.$": "$",
								"BranchError": true
							},
							"End": true
                        }
                    }
                },
                {
                    "StartAt": "glue-cae-l2-l3-apc-gr",
                    "States": {
                        "glue-cae-l2-l3-apc-gr": {
                            "Type": "Task",
                            "Resource": "arn:aws:states:::glue:startJobRun.sync",
                            "Parameters": {
                                "JobName": "${job5}"
                            },
                            "TimeoutSeconds": 3600,
                            "Retry": [
                                {
                                    "ErrorEquals": [
                                        "States.Timeout","Glue.AWSGlueException"
                                    ],
                                    "IntervalSeconds":10,
                                    "MaxAttempts": 25,
                                    "BackoffRate": 1.5
                                }
                            ],
                            "End": true,
							"Catch": [
								{
									"ErrorEquals": [
										"States.ALL"
									],
									"ResultPath": "$.error-info",
									"Next": "Fallback-apc-gr"
								}
							]
						},
						"Fallback-apc-gr": {
							"Type": "Pass",
							"Parameters": {
								"BranchOutput.$": "$",
								"BranchError": true
							},
							"End": true
                        }
                    }
                },
                {
                    "StartAt": "glue-cae-l2-l3-cop-lag-data-uk",
                    "States": {
                        "glue-cae-l2-l3-cop-lag-data-uk": {
                            "Type": "Task",
                            "Resource": "arn:aws:states:::glue:startJobRun.sync",
                            "Parameters": {
                                "JobName": "${job6}"
                            },
                            "TimeoutSeconds": 3600,
                            "Retry": [
                                {
                                    "ErrorEquals": [
                                        "States.Timeout","Glue.AWSGlueException"
                                    ],
                                    "IntervalSeconds":10,
                                    "MaxAttempts": 25,
                                    "BackoffRate": 1.5
                                }
                            ],
                            "End": true,
							"Catch": [
								{
									"ErrorEquals": [
										"States.ALL"
									],
									"ResultPath": "$.error-info",
									"Next": "Fallback-cop-lag-data-uk"
								}
							]
						},
						"Fallback-cop-lag-data-uk": {
							"Type": "Pass",
							"Parameters": {
								"BranchOutput.$": "$",
								"BranchError": true
							},
							"End": true

                        }
                    }
                },
                {
                    "StartAt": "glue-cae-l2-l3-cost-data-fr",
                    "States": {
                        "glue-cae-l2-l3-cost-data-fr": {
                            "Type": "Task",
                            "Resource": "arn:aws:states:::glue:startJobRun.sync",
                            "Parameters": {
                                "JobName": "${job7}"
                            },
                            "TimeoutSeconds": 3600,
                            "Retry": [
                                {
                                    "ErrorEquals": [
                                        "States.Timeout","Glue.AWSGlueException"
                                    ],
                                    "IntervalSeconds":10,
                                    "MaxAttempts": 25,
                                    "BackoffRate": 1.5
                                }
                            ],
                            "End": true,
							"Catch": [
								{
									"ErrorEquals": [
										"States.ALL"
									],
									"ResultPath": "$.error-info",
									"Next": "Fallback-cost-data-fr"
								}
							]
						},
						"Fallback-cost-data-fr": {
							"Type": "Pass",
							"Parameters": {
								"BranchOutput.$": "$",
								"BranchError": true
							},
							"End": true
                        }
                    }
                },
                {
                    "StartAt": "glue-cae-l2-l3-cost-data-gr",
                    "States": {
                        "glue-cae-l2-l3-cost-data-gr": {
                            "Type": "Task",
                            "Resource": "arn:aws:states:::glue:startJobRun.sync",
                            "Parameters": {
                                "JobName": "${job8}"
                            },
                            "TimeoutSeconds": 3600,
                            "Retry": [
                                {
                                    "ErrorEquals": [
                                        "States.Timeout","Glue.AWSGlueException"
                                    ],
                                    "IntervalSeconds":10,
                                    "MaxAttempts": 25,
                                    "BackoffRate": 1.5
                                }
                            ],
                            "End": true,
							"Catch": [
								{
									"ErrorEquals": [
										"States.ALL"
									],
									"ResultPath": "$.error-info",
									"Next": "Fallback-cost-data-gr"
								}
							]
						},
						"Fallback-cost-data-gr": {
							"Type": "Pass",
							"Parameters": {
								"BranchOutput.$": "$",
								"BranchError": true
							},
							"End": true
                        }
                    }
                },
                {
                    "StartAt": "glue-cae-l2-l3-cost-data-mena",
                    "States": {
                        "glue-cae-l2-l3-cost-data-mena": {
                            "Type": "Task",
                            "Resource": "arn:aws:states:::glue:startJobRun.sync",
                            "Parameters": {
                                "JobName": "${job9}"
                            },
                            "TimeoutSeconds": 3600,
                            "Retry": [
                                {
                                    "ErrorEquals": [
                                        "States.Timeout","Glue.AWSGlueException"
                                    ],
                                    "IntervalSeconds":10,
                                    "MaxAttempts": 25,
                                    "BackoffRate": 1.5
                                }
                            ],
                            "End": true,
							"Catch": [
								{
									"ErrorEquals": [
										"States.ALL"
									],
									"ResultPath": "$.error-info",
									"Next": "Fallback-ost-data-mena"
								}
							]
						},
						"Fallback-ost-data-mena": {
							"Type": "Pass",
							"Parameters": {
								"BranchOutput.$": "$",
								"BranchError": true
							},
							"End": true
                        }
                    }
                },
                {
                    "StartAt": "glue-cae-l2-l3-cost-data-sec-zamz",
                    "States": {
                        "glue-cae-l2-l3-cost-data-sec-zamz": {
                            "Type": "Task",
                            "Resource": "arn:aws:states:::glue:startJobRun.sync",
                            "Parameters": {
                                "JobName": "${job10}"
                            },
                            "TimeoutSeconds": 3600,
                            "Retry": [
                                {
                                    "ErrorEquals": [
                                        "States.Timeout","Glue.AWSGlueException"
                                    ],
                                    "IntervalSeconds":10,
                                    "MaxAttempts": 25,
                                    "BackoffRate": 1.5
                                }
                            ],
                            "End": true,
							"Catch": [
								{
									"ErrorEquals": [
										"States.ALL"
									],
									"ResultPath": "$.error-info",
									"Next": "Fallback-cost-data-sec-zamz"
								}
							]
						},
						"Fallback-cost-data-sec-zamz": {
							"Type": "Pass",
							"Parameters": {
								"BranchOutput.$": "$",
								"BranchError": true
							},
							"End": true
                        }
                    }
                },
                {
                    "StartAt": "glue-cae-l2-l3-cost-data-tariff-gr",
                    "States": {
                        "glue-cae-l2-l3-cost-data-tariff-gr": {
                            "Type": "Task",
                            "Resource": "arn:aws:states:::glue:startJobRun.sync",
                            "Parameters": {
                                "JobName": "${job11}"
                            },
                            "TimeoutSeconds": 3600,
                            "Retry": [
                                {
                                    "ErrorEquals": [
                                        "States.Timeout","Glue.AWSGlueException"
                                    ],
                                    "IntervalSeconds":10,
                                    "MaxAttempts": 25,
                                    "BackoffRate": 1.5
                                }
                            ],
                            "End": true,
							"Catch": [
								{
									"ErrorEquals": [
										"States.ALL"
									],
									"ResultPath": "$.error-info",
									"Next": "Fallback-cost-data-tariff-gr"
								}
							]
						},
						"Fallback-cost-data-tariff-gr": {
							"Type": "Pass",
							"Parameters": {
								"BranchOutput.$": "$",
								"BranchError": true
							},
							"End": true
                        }
                    }
                },
                {
                    "StartAt": "glue-cae-l2-l3-cost-data-tr",
                    "States": {
                        "glue-cae-l2-l3-cost-data-tr": {
                            "Type": "Task",
                            "Resource": "arn:aws:states:::glue:startJobRun.sync",
                            "Parameters": {
                                "JobName": "${job12}"
                            },
                            "TimeoutSeconds": 3600,
                            "Retry": [
                                {
                                    "ErrorEquals": [
                                        "States.Timeout","Glue.AWSGlueException"
                                    ],
                                    "IntervalSeconds":10,
                                    "MaxAttempts": 25,
                                    "BackoffRate": 1.5
                                }
                            ],
                            "End": true,
							"Catch": [
								{
									"ErrorEquals": [
										"States.ALL"
									],
									"ResultPath": "$.error-info",
									"Next": "Fallback-cost-data-tr"
								}
							]
						},
						"Fallback-cost-data-tr": {
							"Type": "Pass",
							"Parameters": {
								"BranchOutput.$": "$",
								"BranchError": true
							},
							"End": true
                        }
                    }
                },
                {
                    "StartAt": "glue-cae-l2-l3-cost-other-income-tr",
                    "States": {
                        "glue-cae-l2-l3-cost-other-income-tr": {
                            "Type": "Task",
                            "Resource": "arn:aws:states:::glue:startJobRun.sync",
                            "Parameters": {
                                "JobName": "${job13}"
                            },
                            "TimeoutSeconds": 3600,
                            "Retry": [
                                {
                                    "ErrorEquals": [
                                        "States.Timeout","Glue.AWSGlueException"
                                    ],
                                    "IntervalSeconds":10,
                                    "MaxAttempts": 25,
                                    "BackoffRate": 1.5
                                }
                            ],
                            "End": true,
							"Catch": [
								{
									"ErrorEquals": [
										"States.ALL"
									],
									"ResultPath": "$.error-info",
									"Next": "Fallback-cost-other-income-tr"
								}
							]
						},
						"Fallback-cost-other-income-tr": {
							"Type": "Pass",
							"Parameters": {
								"BranchOutput.$": "$",
								"BranchError": true
							},
							"End": true
                        }
                    }
                },
                {
                    "StartAt": "glue-cae-l2-l3-ext-cus-mena",
                    "States": {
                        "glue-cae-l2-l3-ext-cus-mena": {
                            "Type": "Task",
                            "Resource": "arn:aws:states:::glue:startJobRun.sync",
                            "Parameters": {
                                "JobName": "${job14}"
                            },
                            "TimeoutSeconds": 3600,
                            "Retry": [
                                {
                                    "ErrorEquals": [
                                        "States.Timeout","Glue.AWSGlueException"
                                    ],
                                    "IntervalSeconds":10,
                                    "MaxAttempts": 25,
                                    "BackoffRate": 1.5
                                }
                            ],
                            "End": true,
							"Catch": [
								{
									"ErrorEquals": [
										"States.ALL"
									],
									"ResultPath": "$.error-info",
									"Next": "Fallback-ext-cus-mena"
								}
							]
						},
						"Fallback-ext-cus-mena": {
							"Type": "Pass",
							"Parameters": {
								"BranchOutput.$": "$",
								"BranchError": true
							},
							"End": true
                        }
                    }
                },
                {
                    "StartAt": "glue-cae-l2-l3-imi-cop-cso-add-all",
                    "States": {
                        "glue-cae-l2-l3-imi-cop-cso-add-all": {
                            "Type": "Task",
                            "Resource": "arn:aws:states:::glue:startJobRun.sync",
                            "Parameters": {
                                "JobName": "${job15}"
                            },
                            "TimeoutSeconds": 3600,
                            "Retry": [
                                {
                                    "ErrorEquals": [
                                        "States.Timeout","Glue.AWSGlueException"
                                    ],
                                    "IntervalSeconds":10,
                                    "MaxAttempts": 25,
                                    "BackoffRate": 1.5
                                }
                            ],
                            "End": true,
							"Catch": [
								{
									"ErrorEquals": [
										"States.ALL"
									],
									"ResultPath": "$.error-info",
									"Next": "Fallback-cop-cso-add-all"
								}
							]
						},
						"Fallback-cop-cso-add-all": {
							"Type": "Pass",
							"Parameters": {
								"BranchOutput.$": "$",
								"BranchError": true
							},
							"End": true
                        }
                    }
                },
                {
                    "StartAt": "glue-cae-l2-l3-tput-recs",
                    "States": {
                        "glue-cae-l2-l3-tput-recs": {
                            "Type": "Task",
                            "Resource": "arn:aws:states:::glue:startJobRun.sync",
                            "Parameters": {
                                "JobName": "${job16}"
                            },
                            "TimeoutSeconds": 3600,
                            "Retry": [
                                {
                                    "ErrorEquals": [
                                        "States.Timeout","Glue.AWSGlueException"
                                    ],
                                    "IntervalSeconds":10,
                                    "MaxAttempts": 25,
                                    "BackoffRate": 1.5
                                }
                            ],
                            "End": true,
							"Catch": [
								{
									"ErrorEquals": [
										"States.ALL"
									],
									"ResultPath": "$.error-info",
									"Next": "Fallback-tput-recs"
								}
							]
						},
						"Fallback-tput-recs": {
							"Type": "Pass",
							"Parameters": {
								"BranchOutput.$": "$",
								"BranchError": true
							},
							"End": true
                        }
                    }
                },
                {
                    "StartAt": "glue-cae-l2-l3-tput-recs-trx",
                    "States": {
                        "glue-cae-l2-l3-tput-recs-trx": {
                            "Type": "Task",
                            "Resource": "arn:aws:states:::glue:startJobRun.sync",
                            "Parameters": {
                                "JobName": "${job17}"
                            },
                            "TimeoutSeconds": 3600,
                            "Retry": [
                                {
                                    "ErrorEquals": [
                                        "States.Timeout","Glue.AWSGlueException"
                                    ],
                                    "IntervalSeconds":10,
                                    "MaxAttempts": 25,
                                    "BackoffRate": 1.5
                                }
                            ],
                            "End": true,
							"Catch": [
								{
									"ErrorEquals": [
										"States.ALL"
									],
									"ResultPath": "$.error-info",
									"Next": "Fallback-tput-recs-trx"
								}
							]
						},
						"Fallback-tput-recs-trx": {
							"Type": "Pass",
							"Parameters": {
								"BranchOutput.$": "$",
								"BranchError": true
							},
							"End": true
                        }
                    }
                },
                {
                    "StartAt": "glue-cae-l2-l5-ytd-xrates-all",
                    "States": {
                        "glue-cae-l2-l5-ytd-xrates-all": {
                            "Type": "Task",
                            "Resource": "arn:aws:states:::glue:startJobRun.sync",
                            "Parameters": {
                                "JobName": "${job18}"
                            },
                            "TimeoutSeconds": 3600,
                            "Retry": [
                                {
                                    "ErrorEquals": [
                                        "States.Timeout","Glue.AWSGlueException"
                                    ],
                                    "IntervalSeconds":10,
                                    "MaxAttempts": 25,
                                    "BackoffRate": 1.5
                                }
                            ],
                            "End": true,
							"Catch": [
								{
									"ErrorEquals": [
										"States.ALL"
									],
									"ResultPath": "$.error-info",
									"Next": "Fallback-ytd-xrates-all"
								}
							]
						},
						"Fallback-ytd-xrates-all": {
							"Type": "Pass",
							"Parameters": {
								"BranchOutput.$": "$",
								"BranchError": true
							},
							"End": true
                        }
                    }
                }

            ],
            "ResultPath": "$.ParralelOutput",
            "Next": "prot-Process"
        },
        "prot-Process": {
            "Type": "Pass",
            "Parameters": {
                "OrderedArray": [
                    {
                        "OriginalData": {
                            "Input.$": "$",
                            "ShouldFilterData": false
                        }
                    },
                    {
                        "ValuesToCheck": {
                            "ListBranchErrors.$": "$.ParralelOutput[?(@.BranchError==true)].BranchError",
                            "BranchFailures": true
                        }
                    },
                    {
                        "DefaultAlwaysFalse": {
                            "ShouldFilterData": false,
                            "BranchFailures": false
                        }
                    }
                ]
            },
            "OutputPath": "$..[?(@.ShouldFilterData == false || @.ListBranchErrors[0] == true)]",
            "Next": "StatusCheck"
        },
        "StatusCheck": {
            "Type": "Choice",
            "OutputPath": "$.[0].Input",
            "Choices": [
                {
                    "Variable": "$[1].BranchFailures",
                    "BooleanEquals": true,
                    "Next": "Error"
                },
                {
                    "Variable": "$[1].BranchFailures",
                    "BooleanEquals": false,
                    "Next": "l3-cost-loaded-date"
                }
            ],
            "Default": "l3-cost-loaded-date"
        },
        "l3-cost-loaded-date": {
            "Type": "Task",
            "Resource": "arn:aws:states:::glue:startJobRun.sync",
            "Parameters": {
                "JobName": "${job19}"
            },
            "TimeoutSeconds": 3600,
            "Retry": [
                {
                    "ErrorEquals": [
                        "States.Timeout","Glue.AWSGlueException"
                    ],
                    "IntervalSeconds":10,
                    "MaxAttempts": 25,
                    "BackoffRate": 1.5
                }
            ],
            "Catch": [
                {
                    "ErrorEquals": [
                        "States.ALL"
                    ],
                    "ResultPath": null,
                    "Next": "Error"
                }
            ],
            "Next": "Done"
        },
        "Done": {
            "Type": "Succeed"
        },
        "Error": {
            "Type": "Pass",
            "Next": "octagon-log"
        },
        "octagon-log": {
            "Type": "Task",
            "Resource": "${lambda1}",
            "Next": "Failed"
        },
        "Failed": {
            "Type": "Fail"
        }
    }
}