{
    "Comment": "Step function to execute Layer 5 glue jobs",
    "StartAt": "tm-layer-5",
    "States": {
        "tm-layer-5": {
            "Type": "Task",
            "Resource": "arn:aws:states:::glue:startJobRun.sync",
            "Parameters": {
                "JobName": "${job1}"
            },
            "TimeoutSeconds": 3600,
            "Retry": [
                {
                    "ErrorEquals": [
                        "States.Timeout","Glue.AWSGlueException"
                    ],
                    "IntervalSeconds": 10,
                    "MaxAttempts": 25,
                    "BackoffRate": 1.5
                }
            ],
            "Catch": [
                {
                    "ErrorEquals": [
                        "States.ALL"
                    ],
                    "ResultPath": "$.error-info",
                    "Next": "Error"
                }
            ],
            "ResultPath": "$.inputpayload",
            "Next": "Start-crawler-tm5"
        },
        "Start-crawler-tm5": {
            "Type": "Task",
            "Resource": "arn:aws:states:::lambda:invoke",
            "Parameters": {
                "FunctionName": "${function1}"
            },
            "ResultPath": "$.inputpayload",
            "Next": "Start-crawler-tm6"
        },
        "Start-crawler-tm6": {
            "Type": "Task",
            "Resource": "arn:aws:states:::lambda:invoke",
            "Parameters": {
                "FunctionName": "${function2}"
            },
            "ResultPath": "$.inputpayload",
            "Next": "Done"
        },
        "Done": {
            "Type": "Succeed"
        },
        "Error": {
            "Type": "Pass",
            "Next": "octagon-log"
        },
        "octagon-log": {
            "Type": "Task",
            "Resource": "${lambda1}",
            "Next": "Failed"
        },
        "Failed": {
            "Type": "Fail"
        }
    }
}