{
    "dev": {
        "use_case_list": [
            {
                "name": "tm-salesforce-layer-3-4",
                "notify_on_failure": true,
                "target_database": "conform_main_aviation"
            },
            {
                "name": "tm-mip-layer-3-4",
                "notify_on_failure": true,
                "target_database": "conform_main_aviation"
            },
            {
                "name": "tm-layer-5",
                "notify_on_failure": true,
                "target_database": "conform_main_aviation"
            },
            {
                "name": "tm-development-adhoc",
                "notify_on_failure": true,
                "target_database": "conform_main_aviation"
            }
        ]
    },

    "test":  {
        "use_case_list": [ 
            {
                "name": "development-adhoc",
                "notify_on_failure": true,
                "target_database": "conform_main_aviation"
            }            
            ]
    },

    "preprod": {
        "use_case_list": [
            {
                "name": "tm-salesforce-layer-3-4",
                "notify_on_failure": true,
                "target_database": "conform_main_aviation"
            },
            {
                "name": "tm-mip-layer-3-4",
                "notify_on_failure": true,
                "target_database": "conform_main_aviation"
            },
            {
                "name": "tm-layer-5",
                "notify_on_failure": true,
                "target_database": "conform_main_aviation"
            }
        ]
    },
    "prod":  {
        "use_case_list": [
             {
                "name": "tm-mip-layer-3-4",
                "notify_on_failure": true,
                "target_database": "conform_main_aviation"
            },
            {
                "name": "tm-salesforce-layer-3-4",
                "notify_on_failure": true,
                "target_database": "conform_main_aviation"
            },
                        {
                "name": "tm-layer-5",
                "notify_on_failure": true,
                "target_database": "conform_main_aviation"
            }
        ]
    }
}