{"InvoiceNumber":"51402977","CreatedTime":1595688900348,"StoreID":"STR7188","PosID":"POS956","CashierID":"OAS134","CustomerType":"PRIME","CustomerCardNo":"4629185211","TotalAmount":11114.0,"NumberOfItems":4,"PaymentMethod":"CARD","TaxableAmount":11114.0,"CGST":277.85,"SGST":277.85,"CESS":13.8925,"DeliveryType":"TAKEAWAY","InvoiceLineItems":[{"ItemCode":"458","ItemDescription":"Wine glass","ItemPrice":1644.0,"ItemQty":2,"TotalValue":3288.0},{"ItemCode":"283","ItemDescription":"Portable Lamps","ItemPrice":2236.0,"ItemQty":1,"TotalValue":2236.0},{"ItemCode":"498","ItemDescription":"Carving knifes","ItemPrice":1424.0,"ItemQty":2,"TotalValue":2848.0},{"ItemCode":"523","ItemDescription":"Oil-lamp clock","ItemPrice":1371.0,"ItemQty":2,"TotalValue":2742.0}]}
{"InvoiceNumber":"91372973","CreatedTime":1595688901219,"StoreID":"STR8513","PosID":"POS163","CashierID":"OAS961","CustomerType":"PRIME","CustomerCardNo":"2762345282","TotalAmount":8272.0,"NumberOfItems":4,"PaymentMethod":"CARD","TaxableAmount":8272.0,"CGST":206.8,"SGST":206.8,"CESS":10.34,"DeliveryType":"HOME-DELIVERY","DeliveryAddress":{"AddressLine":"444-1842 Dui. Rd.","City":"Shivapuri","State":"Madhya Pradesh","PinCode":"561012","ContactNumber":"7243866404"},"InvoiceLineItems":[{"ItemCode":"413","ItemDescription":"Slipcover","ItemPrice":1896.0,"ItemQty":1,"TotalValue":1896.0},{"ItemCode":"483","ItemDescription":"Teacups and saucers","ItemPrice":1781.0,"ItemQty":1,"TotalValue":1781.0},{"ItemCode":"583","ItemDescription":"Tab Top Curtains","ItemPrice":1329.0,"ItemQty":1,"TotalValue":1329.0},{"ItemCode":"558","ItemDescription":"Balloon clock","ItemPrice":1633.0,"ItemQty":2,"TotalValue":3266.0}]}
{"InvoiceNumber":"93647513","CreatedTime":1595688902254,"StoreID":"STR8513","PosID":"POS881","CashierID":"OAS354","CustomerType":"NONPRIME","CustomerCardNo":"2599848717","TotalAmount":3374.0,"NumberOfItems":1,"PaymentMethod":"CARD","TaxableAmount":3374.0,"CGST":84.35000000000001,"SGST":84.35000000000001,"CESS":4.2175,"DeliveryType":"TAKEAWAY","InvoiceLineItems":[{"ItemCode":"258","ItemDescription":"Closet","ItemPrice":1687.0,"ItemQty":2,"TotalValue":3374.0}]}
{"InvoiceNumber":"8320594","CreatedTime":1595688902254,"StoreID":"STR7188","PosID":"POS825","CashierID":"OAS329","CustomerType":"PRIME","CustomerCardNo":"7051101351","TotalAmount":5824.0,"NumberOfItems":3,"PaymentMethod":"CASH","TaxableAmount":5824.0,"CGST":145.6,"SGST":145.6,"CESS":7.28,"DeliveryType":"HOME-DELIVERY","DeliveryAddress":{"AddressLine":"2465 Laoreet, Street","City":"Dehri","State":"Bihar","PinCode":"637308","ContactNumber":"2662305605"},"InvoiceLineItems":[{"ItemCode":"288","ItemDescription":"Hutch","ItemPrice":1812.0,"ItemQty":2,"TotalValue":3624.0},{"ItemCode":"558","ItemDescription":"Balloon clock","ItemPrice":1633.0,"ItemQty":1,"TotalValue":1633.0},{"ItemCode":"658","ItemDescription":"Chinois","ItemPrice":567.0,"ItemQty":1,"TotalValue":567.0}]}
{"InvoiceNumber":"4888607","CreatedTime":1595688903258,"StoreID":"STR2629","PosID":"POS172","CashierID":"OAS622","CustomerType":"NONPRIME","CustomerCardNo":"7829975914","TotalAmount":1750.0,"NumberOfItems":2,"PaymentMethod":"CASH","TaxableAmount":1750.0,"CGST":43.75,"SGST":43.75,"CESS":2.1875,"DeliveryType":"HOME-DELIVERY","DeliveryAddress":{"AddressLine":"7114 Eu, Rd.","City":"Ratlam","State":"Madhya Pradesh","PinCode":"925281","ContactNumber":"4057182350"},"InvoiceLineItems":[{"ItemCode":"208","ItemDescription":"Canopy bed","ItemPrice":508.0,"ItemQty":1,"TotalValue":508.0},{"ItemCode":"408","ItemDescription":"Confidante","ItemPrice":1242.0,"ItemQty":1,"TotalValue":1242.0}]}
{"InvoiceNumber":"99794761","CreatedTime":1595688903258,"StoreID":"STR6347","PosID":"POS333","CashierID":"OAS697","CustomerType":"NONPRIME","CustomerCardNo":"9740604930","TotalAmount":6566.0,"NumberOfItems":3,"PaymentMethod":"CARD","TaxableAmount":6566.0,"CGST":164.15,"SGST":164.15,"CESS":8.2075,"DeliveryType":"HOME-DELIVERY","DeliveryAddress":{"AddressLine":"517-8912 Nulla St.","City":"Champdani","State":"West Bengal","PinCode":"680616","ContactNumber":"8183195143"},"InvoiceLineItems":[{"ItemCode":"353","ItemDescription":"Recliner","ItemPrice":1585.0,"ItemQty":2,"TotalValue":3170.0},{"ItemCode":"488","ItemDescription":"Bread knife","ItemPrice":1077.0,"ItemQty":2,"TotalValue":2154.0},{"ItemCode":"408","ItemDescription":"Confidante","ItemPrice":1242.0,"ItemQty":1,"TotalValue":1242.0}]}
{"InvoiceNumber":"89101510","CreatedTime":1595688904763,"StoreID":"STR6347","PosID":"POS994","CashierID":"OAS274","CustomerType":"PRIME","CustomerCardNo":"6296964163","TotalAmount":5560.0,"NumberOfItems":4,"PaymentMethod":"CASH","TaxableAmount":5560.0,"CGST":139.0,"SGST":139.0,"CESS":6.95,"DeliveryType":"TAKEAWAY","InvoiceLineItems":[{"ItemCode":"493","ItemDescription":"Boning knife","ItemPrice":513.0,"ItemQty":1,"TotalValue":513.0},{"ItemCode":"468","ItemDescription":"Lunch box","ItemPrice":1467.0,"ItemQty":1,"TotalValue":1467.0},{"ItemCode":"348","ItemDescription":"Navy chair","ItemPrice":1998.0,"ItemQty":1,"TotalValue":1998.0},{"ItemCode":"238","ItemDescription":"Dining table","ItemPrice":1582.0,"ItemQty":1,"TotalValue":1582.0}]}
{"InvoiceNumber":"26723058","CreatedTime":1595689028262,"StoreID":"STR7188","PosID":"POS664","CashierID":"OAS971","CustomerType":"PRIME","CustomerCardNo":"9316477281","TotalAmount":5235.0,"NumberOfItems":3,"PaymentMethod":"CARD","TaxableAmount":5235.0,"CGST":130.875,"SGST":130.875,"CESS":6.54375,"DeliveryType":"HOME-DELIVERY","DeliveryAddress":{"AddressLine":"5418 Magna. Rd.","City":"Chennai","State":"Tamil Nadu","PinCode":"386032","ContactNumber":"6557358508"},"InvoiceLineItems":[{"ItemCode":"653","ItemDescription":"Browning tray","ItemPrice":375.0,"ItemQty":1,"TotalValue":375.0},{"ItemCode":"568","ItemDescription":"Pinch Pleated Curtains","ItemPrice":1718.0,"ItemQty":2,"TotalValue":3436.0},{"ItemCode":"498","ItemDescription":"Carving knifes","ItemPrice":1424.0,"ItemQty":1,"TotalValue":1424.0}]}
{"InvoiceNumber":"96837834","CreatedTime":1595689029002,"StoreID":"STR6162","PosID":"POS835","CashierID":"OAS583","CustomerType":"NONPRIME","CustomerCardNo":"5611417583","TotalAmount":13481.0,"NumberOfItems":4,"PaymentMethod":"CARD","TaxableAmount":13481.0,"CGST":337.02500000000003,"SGST":337.02500000000003,"CESS":16.85125,"DeliveryType":"TAKEAWAY","InvoiceLineItems":[{"ItemCode":"213","ItemDescription":"Infant bed","ItemPrice":1755.0,"ItemQty":1,"TotalValue":1755.0},{"ItemCode":"528","ItemDescription":"Projection clock","ItemPrice":2365.0,"ItemQty":2,"TotalValue":4730.0},{"ItemCode":"288","ItemDescription":"Hutch","ItemPrice":1812.0,"ItemQty":2,"TotalValue":3624.0},{"ItemCode":"203","ItemDescription":"Bunk bed","ItemPrice":1686.0,"ItemQty":2,"TotalValue":3372.0}]}
{"InvoiceNumber":"78302645","CreatedTime":1595689029506,"StoreID":"STR8513","PosID":"POS155","CashierID":"OAS558","CustomerType":"NONPRIME","CustomerCardNo":"2389018842","TotalAmount":6543.0,"NumberOfItems":3,"PaymentMethod":"CASH","TaxableAmount":6543.0,"CGST":163.57500000000002,"SGST":163.57500000000002,"CESS":8.17875,"DeliveryType":"HOME-DELIVERY","DeliveryAddress":{"AddressLine":"Flat No. #210-902 Neque Street","City":"South Dum Dum","State":"West Bengal","PinCode":"504795","ContactNumber":"7508353683"},"InvoiceLineItems":[{"ItemCode":"533","ItemDescription":"Rolling ball clock","ItemPrice":1651.0,"ItemQty":2,"TotalValue":3302.0},{"ItemCode":"538","ItemDescription":"Grandmother clock","ItemPrice":1301.0,"ItemQty":1,"TotalValue":1301.0},{"ItemCode":"278","ItemDescription":"Dining set","ItemPrice":1940.0,"ItemQty":1,"TotalValue":1940.0}]}
