{
    "Comment": "Step function to execute data health L6 glue jobs",
    "StartAt": "Start",
    "States": {
      "Start": {
        "Type": "Parallel",
        "Branches": [
          {
            "StartAt": "l6-apc-act-costs",
            "States": {
              "l6-apc-act-costs": {
                "Type": "Task",
                "Resource": "arn:aws:states:::glue:startJobRun.sync",
                "Parameters": {
                  "JobName": "${job1}"
                },
                "TimeoutSeconds": 3600,
                "Retry": [
                  {
                    "ErrorEquals": [
                      "States.Timeout",
                      "Glue.AWSGlueException"
                    ],
                    "IntervalSeconds": 10,
                    "MaxAttempts": 25,
                    "BackoffRate": 1.5
                  }
                ],
                "End": true,
                "Catch": [
                  {
                    "ErrorEquals": [
                      "States.ALL"
                    ],
                    "ResultPath": "$.error-info",
                    "Next": "Fallback-apc-act-costs"
                  }
                ]
              },
              "Fallback-apc-act-costs": {
                "Type": "Pass",
                "Parameters": {
                  "BranchOutput.$": "$",
                  "BranchError": true
                },
                "End": true
              }
            }
          },
          {
            "StartAt": "l6-cop-act-costs",
            "States": {
              "l6-cop-act-costs": {
                "Type": "Task",
                "Resource": "arn:aws:states:::glue:startJobRun.sync",
                "Parameters": {
                  "JobName": "${job2}"
                },
                "TimeoutSeconds": 3600,
                "Retry": [
                  {
                    "ErrorEquals": [
                      "States.Timeout",
                      "Glue.AWSGlueException"
                    ],
                    "IntervalSeconds": 10,
                    "MaxAttempts": 25,
                    "BackoffRate": 1.5
                  }
                ],
                "End": true,
                "Catch": [
                  {
                    "ErrorEquals": [
                      "States.ALL"
                    ],
                    "ResultPath": "$.error-info",
                    "Next": "Fallback-cop-act-costs"
                  }
                ]
              },
              "Fallback-cop-act-costs": {
                "Type": "Pass",
                "Parameters": {
                  "BranchOutput.$": "$",
                  "BranchError": true
                },
                "End": true
              }
            }
          },
          {
            "StartAt": "l6-last-refresh",
            "States": {
              "l6-last-refresh": {
                "Type": "Task",
                "Resource": "arn:aws:states:::glue:startJobRun.sync",
                "Parameters": {
                  "JobName": "${job3}"
                },
                "TimeoutSeconds": 3600,
                "Retry": [
                  {
                    "ErrorEquals": [
                      "States.Timeout",
                      "Glue.AWSGlueException"
                    ],
                    "IntervalSeconds": 10,
                    "MaxAttempts": 25,
                    "BackoffRate": 1.5
                  }
                ],
                "End": true,
                "Catch": [
                  {
                    "ErrorEquals": [
                      "States.ALL"
                    ],
                    "ResultPath": "$.error-info",
                    "Next": "Fallback-last-refresh"
                  }
                ]
              },
              "Fallback-last-refresh": {
                "Type": "Pass",
                "Parameters": {
                  "BranchOutput.$": "$",
                  "BranchError": true
                },
                "End": true
              }
            }
          },
          {
            "StartAt": "l6-null-customers",
            "States": {
              "l6-null-customers": {
                "Type": "Task",
                "Resource": "arn:aws:states:::glue:startJobRun.sync",
                "Parameters": {
                  "JobName": "${job4}"
                },
                "TimeoutSeconds": 3600,
                "Retry": [
                  {
                    "ErrorEquals": [
                      "States.Timeout",
                      "Glue.AWSGlueException"
                    ],
                    "IntervalSeconds": 10,
                    "MaxAttempts": 25,
                    "BackoffRate": 1.5
                  }
                ],
                "End": true,
                "Catch": [
                  {
                    "ErrorEquals": [
                      "States.ALL"
                    ],
                    "ResultPath": "$.error-info",
                    "Next": "Fallback-null-customers"
                  }
                ]
              },
              "Fallback-null-customers": {
                "Type": "Pass",
                "Parameters": {
                  "BranchOutput.$": "$",
                  "BranchError": true
                },
                "End": true
              }
            }
          },
          {
            "StartAt": "l6-null-locations",
            "States": {
              "l6-null-locations": {
                "Type": "Task",
                "Resource": "arn:aws:states:::glue:startJobRun.sync",
                "Parameters": {
                  "JobName": "${job5}"
                },
                "TimeoutSeconds": 3600,
                "Retry": [
                  {
                    "ErrorEquals": [
                      "States.Timeout",
                      "Glue.AWSGlueException"
                    ],
                    "IntervalSeconds": 10,
                    "MaxAttempts": 25,
                    "BackoffRate": 1.5
                  }
                ],
                "End": true,
                "Catch": [
                  {
                    "ErrorEquals": [
                      "States.ALL"
                    ],
                    "ResultPath": "$.error-info",
                    "Next": "Fallback-null-locations"
                  }
                ]
              },
              "Fallback-null-locations": {
                "Type": "Pass",
                "Parameters": {
                  "BranchOutput.$": "$",
                  "BranchError": true
                },
                "End": true
              }
            }
          },
          {
            "StartAt": "l6-reported-costs",
            "States": {
              "l6-reported-costs": {
                "Type": "Task",
                "Resource": "arn:aws:states:::glue:startJobRun.sync",
                "Parameters": {
                  "JobName": "${job6}"
                },
                "TimeoutSeconds": 3600,
                "Retry": [
                  {
                    "ErrorEquals": [
                      "States.Timeout",
                      "Glue.AWSGlueException"
                    ],
                    "IntervalSeconds": 10,
                    "MaxAttempts": 25,
                    "BackoffRate": 1.5
                  }
                ],
                "End": true,
                "Catch": [
                  {
                    "ErrorEquals": [
                      "States.ALL"
                    ],
                    "ResultPath": "$.error-info",
                    "Next": "Fallback-reported-costs"
                  }
                ]
              },
              "Fallback-reported-costs": {
                "Type": "Pass",
                "Parameters": {
                  "BranchOutput.$": "$",
                  "BranchError": true
                },
                "End": true
              }
            }
          },
          {
            "StartAt": "l6-sign-off",
            "States": {
              "l6-sign-off": {
                "Type": "Task",
                "Resource": "arn:aws:states:::glue:startJobRun.sync",
                "Parameters": {
                  "JobName": "${job7}"
                },
                "TimeoutSeconds": 3600,
                "Retry": [
                  {
                    "ErrorEquals": [
                      "States.Timeout",
                      "Glue.AWSGlueException"
                    ],
                    "IntervalSeconds": 10,
                    "MaxAttempts": 25,
                    "BackoffRate": 1.5
                  }
                ],
                "End": true,
                "Catch": [
                  {
                    "ErrorEquals": [
                      "States.ALL"
                    ],
                    "ResultPath": "$.error-info",
                    "Next": "Fallback-sign-off"
                  }
                ]
              },
              "Fallback-sign-off": {
                "Type": "Pass",
                "Parameters": {
                  "BranchOutput.$": "$",
                  "BranchError": true
                },
                "End": true
              }
            }
          },
          {
            "StartAt": "l6-volume",
            "States": {
              "l6-volume": {
                "Type": "Task",
                "Resource": "arn:aws:states:::glue:startJobRun.sync",
                "Parameters": {
                  "JobName": "${job8}"
                },
                "TimeoutSeconds": 3600,
                "Retry": [
                  {
                    "ErrorEquals": [
                      "States.Timeout",
                      "Glue.AWSGlueException"
                    ],
                    "IntervalSeconds": 10,
                    "MaxAttempts": 25,
                    "BackoffRate": 1.5
                  }
                ],
                "End": true,
                "Catch": [
                  {
                    "ErrorEquals": [
                      "States.ALL"
                    ],
                    "ResultPath": "$.error-info",
                    "Next": "Fallback-volume"
                  }
                ]
              },
              "Fallback-volume": {
                "Type": "Pass",
                "Parameters": {
                  "BranchOutput.$": "$",
                  "BranchError": true
                },
                "End": true
              }
            }
          }
        ],
        "ResultPath": "$.ParralelOutput",
        "Next": "layer-6-country-health"
      },
      "layer-6-country-health": {
        "Type": "Parallel",
        "Branches": [
          {
            "StartAt": "l6-country-health",
            "States": {
              "l6-country-health": {
                "Type": "Task",
                "Resource": "arn:aws:states:::glue:startJobRun.sync",
                "Parameters": {
                  "JobName":"${job9}"
                },
                "TimeoutSeconds": 3600,
                "Retry": [
                  {
                    "ErrorEquals": [
                      "States.Timeout",
                      "Glue.AWSGlueException"
                    ],
                    "IntervalSeconds": 10,
                    "MaxAttempts": 25,
                    "BackoffRate": 1.5
                  }
                ],
                "End": true,
                "Catch": [
                  {
                    "ErrorEquals": [
                      "States.ALL"
                    ],
                    "ResultPath": "$.error-info",
                    "Next": "Fallback-country-health"
                  }
                ]
              },
              "Fallback-country-health": {
                "Type": "Pass",
                "Parameters": {
                  "BranchOutput.$": "$",
                  "BranchError": true
                },
                "End": true
              }
            }
          }
        ],
        "ResultPath": "$.ParralelOutput",
        "Next": "Pre-Process-l6-dh"
      },
      "Pre-Process-l6-dh": {
        "Type": "Pass",
        "Parameters": {
          "OrderedArray": [
            {
              "OriginalData": {
                "Input.$": "$",
                "ShouldFilterData": false
              }
            },
            {
              "ValuesToCheck": {
                "ListBranchErrors.$": "$.ParralelOutput[?(@.BranchError==true)].BranchError",
                "BranchFailures": true
              }
            },
            {
              "DefaultAlwaysFalse": {
                "ShouldFilterData": false,
                "BranchFailures": false
              }
            }
          ]
        },
        "OutputPath": "$..[?(@.ShouldFilterData == false || @.ListBranchErrors[0] == true)]",
        "Next": "StatusCheck-l6-dh"
      },
      "StatusCheck-l6-dh": {
        "Type": "Choice",
        "OutputPath": "$.[0].Input",
        "Choices": [
          {
            "Variable": "$[1].BranchFailures",
            "BooleanEquals": true,
            "Next": "Error"
          },
          {
            "Variable": "$[1].BranchFailures",
            "BooleanEquals": false,
            "Next": "Done"
          }
        ],
        "Default": "Done"
      },
      "Done": {
        "Type": "Succeed"
      },
      "Error": {
        "Type": "Pass",
        "Next": "Failed"
      },
      "Failed": {
        "Type": "Fail"
      }
    }
  }