{
    "Comment": "Step function to execute PROT Layer 2 to Layer 3 glue jobs",
    "StartAt": "Start",
    "States": {
        "Start": {
            "Type": "Parallel",
            "Branches": [
                {
                    "StartAt": "prot-l2-l3-ct1010-chart-of-acc",
                    "States": {
                        "prot-l2-l3-ct1010-chart-of-acc": {
                            "Type": "Task",
                            "Resource": "arn:aws:states:::glue:startJobRun.sync",
                            "Parameters": {
                                "JobName": "${job1}"
                            },
                            "TimeoutSeconds": 3600,
                            "Retry": [
                                {
                                    "ErrorEquals": [
                                        "States.Timeout","Glue.AWSGlueException"
                                    ],
                                    "IntervalSeconds":10,
                                    "MaxAttempts": 25,
                                    "BackoffRate": 1.5
                                }
                            ],
                            "End": true,
                            "Catch": [
                                {
                                    "ErrorEquals": [
                                        "States.ALL"
                                    ],
                                    "ResultPath": "$.error-info",
                                    "Next": "Fallback-ct1010-chart-of-acc"
                                }
                            ]
                        },
                        "Fallback-ct1010-chart-of-acc": {
                            "Type": "Pass",
                            "Parameters": {
                                "BranchOutput.$": "$",
                                "BranchError": true
                            },
                            "End": true
                        }
                    }
                },
                {
                    "StartAt": "prot-l2-l3-freight-costs",
                    "States": {
                        "prot-l2-l3-freight-costs": {
                            "Type": "Task",
                            "Resource": "arn:aws:states:::glue:startJobRun.sync",
                            "Parameters": {
                                "JobName": "${job2}"
                            },
                            "TimeoutSeconds": 3600,
                            "Retry": [
                                {
                                    "ErrorEquals": [
                                        "States.Timeout","Glue.AWSGlueException"
                                    ],
                                    "IntervalSeconds":10,
                                    "MaxAttempts": 25,
                                    "BackoffRate": 1.5
                                }
                            ],
                            "End": true,
                            "Catch": [
                                {
                                    "ErrorEquals": [
                                        "States.ALL"
                                    ],
                                    "ResultPath": "$.error-info",
                                    "Next": "Fallback-freight-costs"
                                }
                            ]
                        },
                        "Fallback-freight-costs": {
                            "Type": "Pass",
                            "Parameters": {
                                "BranchOutput.$": "$",
                                "BranchError": true
                            },
                            "End": true
                        }
                    }
                },
                {
                    "StartAt": "prot-l2-l3-other-income",
                    "States": {
                        "prot-l2-l3-other-income": {
                            "Type": "Task",
                            "Resource": "arn:aws:states:::glue:startJobRun.sync",
                            "Parameters": {
                                "JobName": "${job3}"
                            },
                            "TimeoutSeconds": 3600,
                            "Retry": [
                                {
                                    "ErrorEquals": [
                                        "States.Timeout","Glue.AWSGlueException"
                                    ],
                                    "IntervalSeconds":10,
                                    "MaxAttempts": 25,
                                    "BackoffRate": 1.5
                                }
                            ],
                            "End": true,
                            "Catch": [
                                {
                                    "ErrorEquals": [
                                        "States.ALL"
                                    ],
                                    "ResultPath": "$.error-info",
                                    "Next": "Fallback-other-income"
                                }
                            ]
                        },
                        "Fallback-other-income": {
                            "Type": "Pass",
                            "Parameters": {
                                "BranchOutput.$": "$",
                                "BranchError": true
                            },
                            "End": true
                        }
                    }
                },
                {
                    "StartAt": "prot-l2-l3-paf-costs",
                    "States": {
                        "prot-l2-l3-paf-costs": {
                            "Type": "Task",
                            "Resource": "arn:aws:states:::glue:startJobRun.sync",
                            "Parameters": {
                                "JobName": "${job4}"
                            },
                            "TimeoutSeconds": 3600,
                            "Retry": [
                                {
                                    "ErrorEquals": [
                                        "States.Timeout","Glue.AWSGlueException"
                                    ],
                                    "IntervalSeconds":10,
                                    "MaxAttempts": 25,
                                    "BackoffRate": 1.5
                                }
                            ],
                            "End": true,
                            "Catch": [
                                {
                                    "ErrorEquals": [
                                        "States.ALL"
                                    ],
                                    "ResultPath": "$.error-info",
                                    "Next": "Fallback-paf-costs"
                                }
                            ]
                        },
                        "Fallback-paf-costs": {
                            "Type": "Pass",
                            "Parameters": {
                                "BranchOutput.$": "$",
                                "BranchError": true
                            },
                            "End": true
                        }
                    }
                },
                {
                    "StartAt": "prot-l2-l3-temperature",
                    "States": {
                        "prot-l2-l3-temperature": {
                            "Type": "Task",
                            "Resource": "arn:aws:states:::glue:startJobRun.sync",
                            "Parameters": {
                                "JobName": "${job5}"
                            },
                            "TimeoutSeconds": 3600,
                            "Retry": [
                                {
                                    "ErrorEquals": [
                                        "States.Timeout","Glue.AWSGlueException"
                                    ],
                                    "IntervalSeconds":10,
                                    "MaxAttempts": 25,
                                    "BackoffRate": 1.5
                                }
                            ],
                            "End": true,
                            "Catch": [
                                {
                                    "ErrorEquals": [
                                        "States.ALL"
                                    ],
                                    "ResultPath": "$.error-info",
                                    "Next": "Fallback-temperature"
                                }
                            ]
                        },
                        "Fallback-temperature": {
                            "Type": "Pass",
                            "Parameters": {
                                "BranchOutput.$": "$",
                                "BranchError": true
                            },
                            "End": true
                        }
                    }
                },
                {
                    "StartAt": "prot-l2-l3-za0010-price-hdr",
                    "States": {
                        "prot-l2-l3-za0010-price-hdr": {
                            "Type": "Task",
                            "Resource": "arn:aws:states:::glue:startJobRun.sync",
                            "Parameters": {
                                "JobName": "${job6}"
                            },
                            "TimeoutSeconds": 3600,
                            "Retry": [
                                {
                                    "ErrorEquals": [
                                        "States.Timeout","Glue.AWSGlueException"
                                    ],
                                    "IntervalSeconds":10,
                                    "MaxAttempts": 25,
                                    "BackoffRate": 1.5
                                }
                            ],
                            "End": true,
                            "Catch": [
                                {
                                    "ErrorEquals": [
                                        "States.ALL"
                                    ],
                                    "ResultPath": "$.error-info",
                                    "Next": "Fallback-za0010-price-hdr"
                                }
                            ]
                        },
                        "Fallback-za0010-price-hdr": {
                            "Type": "Pass",
                            "Parameters": {
                                "BranchOutput.$": "$",
                                "BranchError": true
                            },
                            "End": true
                        }
                    }
                },
                {
                    "StartAt": "prot-l2-l3-za1010-price-itm",
                    "States": {
                        "prot-l2-l3-za1010-price-itm": {
                            "Type": "Task",
                            "Resource": "arn:aws:states:::glue:startJobRun.sync",
                            "Parameters": {
                                "JobName": "${job7}"
                            },
                            "TimeoutSeconds": 3600,
                            "Retry": [
                                {
                                    "ErrorEquals": [
                                        "States.Timeout","Glue.AWSGlueException"
                                    ],
                                    "IntervalSeconds":10,
                                    "MaxAttempts": 25,
                                    "BackoffRate": 1.5
                                }
                            ],
                            "End": true,
                            "Catch": [
                                {
                                    "ErrorEquals": [
                                        "States.ALL"
                                    ],
                                    "ResultPath": "$.error-info",
                                    "Next": "Fallback-za1010-price-itm"
                                }
                            ]
                        },
                        "Fallback-za1010-price-itm": {
                            "Type": "Pass",
                            "Parameters": {
                                "BranchOutput.$": "$",
                                "BranchError": true
                            },
                            "End": true
                        }
                    }
                },
                {
                    "StartAt": "prot-l2-l3-zb0010-delivery-ticket",
                    "States": {
                        "prot-l2-l3-zb0010-delivery-ticket": {
                            "Type": "Task",
                            "Resource": "arn:aws:states:::glue:startJobRun.sync",
                            "Parameters": {
                                "JobName": "${job8}"
                            },
                            "TimeoutSeconds": 3600,
                            "Retry": [
                                {
                                    "ErrorEquals": [
                                        "States.Timeout","Glue.AWSGlueException"
                                    ],
                                    "IntervalSeconds":10,
                                    "MaxAttempts": 25,
                                    "BackoffRate": 1.5
                                }
                            ],
                            "End": true,
                            "Catch": [
                                {
                                    "ErrorEquals": [
                                        "States.ALL"
                                    ],
                                    "ResultPath": "$.error-info",
                                    "Next": "Fallback-zb0010-delivery-ticket"
                                }
                            ]
                        },
                        "Fallback-zb0010-delivery-ticket": {
                            "Type": "Pass",
                            "Parameters": {
                                "BranchOutput.$": "$",
                                "BranchError": true
                            },
                            "End": true
                        }
                    }
                },
                {
                    "StartAt": "prot-l2-l3-zh1010-location",
                    "States": {
                        "prot-l2-l3-zh1010-location": {
                            "Type": "Task",
                            "Resource": "arn:aws:states:::glue:startJobRun.sync",
                            "Parameters": {
                                "JobName": "${job9}"
                            },
                            "TimeoutSeconds": 3600,
                            "Retry": [
                                {
                                    "ErrorEquals": [
                                        "States.Timeout","Glue.AWSGlueException"
                                    ],
                                    "IntervalSeconds":10,
                                    "MaxAttempts": 25,
                                    "BackoffRate": 1.5
                                }
                            ],
                            "End": true,
                            "Catch": [
                                {
                                    "ErrorEquals": [
                                        "States.ALL"
                                    ],
                                    "ResultPath": "$.error-info",
                                    "Next": "Fallback-zh1010-location"
                                }
                            ]
                        },
                        "Fallback-zh1010-location": {
                            "Type": "Pass",
                            "Parameters": {
                                "BranchOutput.$": "$",
                                "BranchError": true
                            },
                            "End": true
                        }
                    }
                }
            ],
            "ResultPath": "$.ParralelOutput",
            "Next": "prot-Process"
        },
        "prot-Process": {
            "Type": "Pass",
            "Parameters": {
                "OrderedArray": [
                    {
                        "OriginalData": {
                            "Input.$": "$",
                            "ShouldFilterData": false
                        }
                    },
                    {
                        "ValuesToCheck": {
                            "ListBranchErrors.$": "$.ParralelOutput[?(@.BranchError==true)].BranchError",
                            "BranchFailures": true
                        }
                    },
                    {
                        "DefaultAlwaysFalse": {
                            "ShouldFilterData": false,
                            "BranchFailures": false
                        }
                    }
                ]
            },
            "OutputPath": "$..[?(@.ShouldFilterData == false || @.ListBranchErrors[0] == true)]",
            "Next": "StatusCheck"
        },
        "StatusCheck": {
            "Type": "Choice",
            "OutputPath": "$.[0].Input",
            "Choices": [
                {
                    "Variable": "$[1].BranchFailures",
                    "BooleanEquals": true,
                    "Next": "Error"
                },
                {
                    "Variable": "$[1].BranchFailures",
                    "BooleanEquals": false,
                    "Next": "Done"
                }
            ],
            "Default": "Done"
        },
        "Done": {
            "Type": "Succeed"
        },
        "Error": {
            "Type": "Pass",
            "Next": "octagon-log"
        },
        "octagon-log": {
            "Type": "Task",
            "Resource": "${lambda1}",
            "Next": "Failed"
        },
        "Failed": {
            "Type": "Fail"
        }
    }
}