{
	"Comment": "Orchestration of step function workflow to perform ETL",
	"StartAt": "Layer 3",
	"States": {
		"Layer 3": {
			"Comment": "Start executions of the ISP state machine in parallel",
			"Type": "Parallel",
			"End": true,
			"Branches": [
				{
					"StartAt": "PROT-L3-MAN",
					"States": {
						"PROT-L3-MAN": {
							"Comment": "Start an execution of the ISP layer3 state machine wait for its completion",
							"Type": "Task",
							"Resource": "arn:aws:states:::states:startExecution.sync:2",
							"Parameters": {
								"StateMachineArn": "${job1}",
								"Input": {
									"NeedCallback": false,
									"AWS_STEP_FUNCTIONS_STARTED_BY_EXECUTION_ID.$": "$$.Execution.Id"
								}
							},
							"End": true
						}
					}
				},
				{
					"StartAt": "ISP-L3-PROT-L3-Z&OTHERS",
					"States": {
						"ISP-L3-PROT-L3-Z&OTHERS": {
							"Type": "Task",
							"Resource": "arn:aws:states:::states:startExecution.sync:2",
							"Parameters": {
								"StateMachineArn": "${job2}",
								"Input": {
									"NeedCallback": false,
									"AWS_STEP_FUNCTIONS_STARTED_BY_EXECUTION_ID.$": "$$.Execution.Id"
								}
							},
							"End": true
						}
					}
				},
				{
					"StartAt": "ISP-L3-PROT-L3-S",
					"States": {
						"ISP-L3-PROT-L3-S": {
							"Type": "Task",
							"Resource": "arn:aws:states:::states:startExecution.sync:2",
							"Parameters": {
								"StateMachineArn": "${job3}",
								"Input": {
									"NeedCallback": false,
									"AWS_STEP_FUNCTIONS_STARTED_BY_EXECUTION_ID.$": "$$.Execution.Id"
								}
							},
							"End": true
						}
					}
				}
			]
		}
	}
}