{
    "Comment": "Step function to execute PROTHEUS  Layer 4 glue jobs",
    "StartAt": "Start",
    "States": {
        "Start": {
            "Type": "Parallel",
            "Branches": [
                {
                    "StartAt": "prot-l3-l32-finance-doc",
                    "States": {
                        "prot-l3-l32-finance-doc": {
                            "Type": "Task",
                            "Resource": "arn:aws:states:::glue:startJobRun.sync",
                            "Parameters": {
                                "JobName": "${job1}"
                            },
                            "TimeoutSeconds": 3600,
                            "Retry": [
                                {
                                    "ErrorEquals": [
                                        "States.Timeout","Glue.AWSGlueException"
                                    ],
                                    "IntervalSeconds":10,
                                    "MaxAttempts": 25,
                                    "BackoffRate": 1.5
                                }
                            ],
                            "End": true,
                            "Catch": [
                                {
                                    "ErrorEquals": [
                                        "States.ALL"
                                    ],
                                    "ResultPath": "$.error-info",
                                    "Next": "Fallback-finance"
                                }
                            ]
                        },
                        "Fallback-finance": {
                            "Type": "Pass",
                            "Parameters": {
                                "BranchOutput.$": "$",
                                "BranchError": true
                            },
                            "End": true
                        }
                    }
                },
                {
                    "StartAt": "prot-l3-l32-za1010-price-itm",
                    "States": {
                        "prot-l3-l32-za1010-price-itm": {
                            "Type": "Task",
                            "Resource": "arn:aws:states:::glue:startJobRun.sync",
                            "Parameters": {
                                "JobName": "${job2}"
                            },
                            "TimeoutSeconds": 3600,
                            "Retry": [
                                {
                                    "ErrorEquals": [
                                        "States.Timeout","Glue.AWSGlueException"
                                    ],
                                    "IntervalSeconds":10,
                                    "MaxAttempts": 25,
                                    "BackoffRate": 1.5
                                }
                            ],
                            "End": true,
                            "Catch": [
                                {
                                    "ErrorEquals": [
                                        "States.ALL"
                                    ],
                                    "ResultPath": "$.error-info",
                                    "Next": "Fallback-price"
                                }
                            ]
                        },
                        "Fallback-price": {
                            "Type": "Pass",
                            "Parameters": {
                                "BranchOutput.$": "$",
                                "BranchError": true
                            },
                            "End": true
                        }
                    }
                },
                {
                    "StartAt": "prot-l3-l32-fiscal-doc",
                    "States": {
                        "prot-l3-l32-fiscal-doc": {
                            "Type": "Task",
                            "Resource": "arn:aws:states:::glue:startJobRun.sync",
                            "Parameters": {
                                "JobName": "${job3}"
                            },
                            "TimeoutSeconds": 3600,
                            "Retry": [
                                {
                                    "ErrorEquals": [
                                        "States.Timeout","Glue.AWSGlueException"
                                    ],
                                    "IntervalSeconds":10,
                                    "MaxAttempts": 25,
                                    "BackoffRate": 1.5
                                }
                            ],
                            "End": true,
                            "Catch": [
                                {
                                    "ErrorEquals": [
                                        "States.ALL"
                                    ],
                                    "ResultPath": "$.error-info",
                                    "Next": "Fallback-fiscal"
                                }
                            ]
                        },
                        "Fallback-fiscal": {
                            "Type": "Pass",
                            "Parameters": {
                                "BranchOutput.$": "$",
                                "BranchError": true
                            },
                            "End": true
                        }
                    }
                }
            ],
            "ResultPath": "$.ParralelOutput",
            "Next": "Pre-Process-L32"
        },
        "Pre-Process-L32": {
            "Type": "Pass",
            "Parameters": {
                "OrderedArray": [
                    {
                        "OriginalData": {
                            "Input.$": "$",
                            "ShouldFilterData": false
                        }
                    },
                    {
                        "ValuesToCheck": {
                            "ListBranchErrors.$": "$.ParralelOutput[?(@.BranchError==true)].BranchError",
                            "BranchFailures": true
                        }
                    },
                    {
                        "DefaultAlwaysFalse": {
                            "ShouldFilterData": false,
                            "BranchFailures": false
                        }
                    }
                ]
            },
            "OutputPath": "$..[?(@.ShouldFilterData == false || @.ListBranchErrors[0] == true)]",
            "Next": "StatusCheck-L32"
        },
        "StatusCheck-L32": {
            "Type": "Choice",
            "OutputPath": "$.[0].Input",
            "Choices": [
                {
                    "Variable": "$[1].BranchFailures",
                    "BooleanEquals": true,
                    "Next": "Error"
                },
                {
                    "Variable": "$[1].BranchFailures",
                    "BooleanEquals": false,
                    "Next": "l32-crawler"
                }
            ],
            "Default": "l32-crawler"
        },
        "l32-crawler": {
            "Type": "Task",
            "Resource": "arn:aws:states:::lambda:invoke",
            "Parameters": {
                "FunctionName": "${function}",
                "Payload": {
                    "crawler_name": "${crawler1}"
                }
            },
            "Catch": [
                {
                    "ErrorEquals": [
                        "States.ALL"
                    ],
                    "ResultPath": "$.error-info",
                    "Next": "Error"
                }
            ],
            "ResultPath": "$.inputpayload",
            "Next": "wait_seconds1"
        },
        "wait_seconds1": {
            "Type": "Wait",
            "Seconds": 600,
            "Next": "Layer-4"
        },
        "Layer-4": {
            "Type": "Parallel",
            "Branches": [
                {
                    "StartAt": "prot-l3-l4-dim-customer",
                    "States": {
                        "prot-l3-l4-dim-customer": {
                            "Type": "Task",
                            "Resource": "arn:aws:states:::glue:startJobRun.sync",
                            "Parameters": {
                                "JobName": "${job4}"
                            },
                            "TimeoutSeconds": 3600,
                            "Retry": [
                                {
                                    "ErrorEquals": [
                                        "States.Timeout","Glue.AWSGlueException"
                                    ],
                                    "IntervalSeconds":10,
                                    "MaxAttempts": 25,
                                    "BackoffRate": 1.5
                                }
                            ],
                            "End": true,
                            "Catch": [
                                {
                                    "ErrorEquals": [
                                        "States.ALL"
                                    ],
                                    "ResultPath": "$.error-info",
                                    "Next": "Fallback-customer"
                                }
                            ]
                        },
                        "Fallback-customer": {
                            "Type": "Pass",
                            "Parameters": {
                                "BranchOutput.$": "$",
                                "BranchError": true
                            },
                            "End": true
                        }
                    }
                },
                {
                    "StartAt": "prot-l3-l4-dim-location",
                    "States": {
                        "prot-l3-l4-dim-location": {
                            "Type": "Task",
                            "Resource": "arn:aws:states:::glue:startJobRun.sync",
                            "Parameters": {
                                "JobName": "${job5}"
                            },
                            "TimeoutSeconds": 3600,
                            "Retry": [
                                {
                                    "ErrorEquals": [
                                        "States.Timeout","Glue.AWSGlueException"
                                    ],
                                    "IntervalSeconds":10,
                                    "MaxAttempts": 25,
                                    "BackoffRate": 1.5
                                }
                            ],
                            "End": true,
                            "Catch": [
                                {
                                    "ErrorEquals": [
                                        "States.ALL"
                                    ],
                                    "ResultPath": "$.error-info",
                                    "Next": "Fallback-location"
                                }
                            ]
                        },
                        "Fallback-location": {
                            "Type": "Pass",
                            "Parameters": {
                                "BranchOutput.$": "$",
                                "BranchError": true
                            },
                            "End": true
                        }
                    }
                },
                {
                    "StartAt": "prot-l3-l4-fact-sales-billing",
                    "States": {
                        "prot-l3-l4-fact-sales-billing": {
                            "Type": "Task",
                            "Resource": "arn:aws:states:::glue:startJobRun.sync",
                            "Parameters": {
                                "JobName": "${job6}"
                            },
                            "TimeoutSeconds": 3600,
                            "Retry": [
                                {
                                    "ErrorEquals": [
                                        "States.Timeout","Glue.AWSGlueException"
                                    ],
                                    "IntervalSeconds":10,
                                    "MaxAttempts": 25,
                                    "BackoffRate": 1.5
                                }
                            ],
                            "End": true,
                            "Catch": [
                                {
                                    "ErrorEquals": [
                                        "States.ALL"
                                    ],
                                    "ResultPath": "$.error-info",
                                    "Next": "Fallback-sales-billing"
                                }
                            ]
                        },
                        "Fallback-sales-billing": {
                            "Type": "Pass",
                            "Parameters": {
                                "BranchOutput.$": "$",
                                "BranchError": true
                            },
                            "End": true
                        }
                    }
                }
            ],
            "ResultPath": "$.ParralelOutput",
            "Next": "Pre-Process-L4"
        },
        "Pre-Process-L4": {
            "Type": "Pass",
            "Parameters": {
                "OrderedArray": [
                    {
                        "OriginalData": {
                            "Input.$": "$",
                            "ShouldFilterData": false
                        }
                    },
                    {
                        "ValuesToCheck": {
                            "ListBranchErrors.$": "$.ParralelOutput[?(@.BranchError==true)].BranchError",
                            "BranchFailures": true
                        }
                    },
                    {
                        "DefaultAlwaysFalse": {
                            "ShouldFilterData": false,
                            "BranchFailures": false
                        }
                    }
                ]
            },
            "OutputPath": "$..[?(@.ShouldFilterData == false || @.ListBranchErrors[0] == true)]",
            "Next": "StatusCheck-L4"
        },
        "StatusCheck-L4": {
            "Type": "Choice",
            "OutputPath": "$.[0].Input",
            "Choices": [
                {
                    "Variable": "$[1].BranchFailures",
                    "BooleanEquals": true,
                    "Next": "Error"
                },
                {
                    "Variable": "$[1].BranchFailures",
                    "BooleanEquals": false,
                    "Next": "l4-crawler"
                }
            ],
            "Default": "l4-crawler"
        },
        "l4-crawler": {
            "Type": "Task",
            "Resource": "arn:aws:states:::lambda:invoke",
            "Parameters": {
                "FunctionName": "${function}",
                "Payload": {
                    "crawler_name": "${crawler2}"
                }
            },
            "Catch": [
                {
                    "ErrorEquals": [
                        "States.ALL"
                    ],
                    "ResultPath": "$.error-info",
                    "Next": "Error"
                }
            ],
            "ResultPath": "$.inputpayload",
            "Next": "wait_seconds2"
        },
        "wait_seconds2": {
            "Type": "Wait",
            "Seconds": 600,
            "Next": "Done"
        },
        "Done": {
            "Type": "Succeed"
        },
        "Error": {
            "Type": "Pass",
            "Next": "octagon-log"
        },
        "octagon-log": {
            "Type": "Task",
            "Resource": "${lambda1}",
            "Next": "Failed"
        },
        "Failed": {
            "Type": "Fail"
        }
    }
}