{
    "Comment": "Step function to execute Tender Management Layer 3 and Layer 4 glue jobs",
    "StartAt": "tender-mip-steadystate",
    "States": {
        "tender-mip-steadystate": {
            "Type": "Task",
            "Resource": "arn:aws:states:::glue:startJobRun.sync",
            "Parameters": {
                "JobName": "${job1}"
            },
            "Catch": [
                {
                    "ErrorEquals": [
                        "States.ALL"
                    ],
                    "ResultPath": "$.error-info",
                    "Next": "Error"
                }
            ],
            "ResultPath": "$.inputpayload",
            "Next": "Done"
        },
        "Done": {
            "Type": "Succeed"
        },
        "Error": {
            "Type": "Pass",
            "Next": "octagon-log"
        },
        "octagon-log": {
            "Type": "Task",
            "Resource": "${lambda1}",
            "Next": "Failed"
        },
        "Failed": {
            "Type": "Fail"
        }
    }
}