{
  "Comment": "Step function to execute CMDM Layer 3-4 glue jobs",
  "StartAt": "cmdm-l2-l3-general-data",
  "States": {
      "cmdm-l2-l3-general-data": {
          "Type": "Task",
          "Resource": "arn:aws:states:::glue:startJobRun.sync",
          "Parameters": {
              "JobName": "${job1}"
          },
          "TimeoutSeconds": 3600,
          "Retry": [
              {
                  "ErrorEquals": [
                      "States.Timeout","Glue.AWSGlueException"
                  ],
                  "IntervalSeconds":10,
                  "MaxAttempts": 25,
                  "BackoffRate": 1.5
              }
          ],
          "Catch": [
              {
                  "ErrorEquals": [
                      "States.ALL"
                  ],
                  "ResultPath": "$.error-info",
                  "Next": "Error"
              }
          ],
          "ResultPath": "$.inputpayload",
          "Next": "general-data-crawler"
      },
      "general-data-crawler": {
        "Type": "Task",
        "Resource": "arn:aws:states:::lambda:invoke",
        "Parameters": {
            "FunctionName": "${function}",
            "Payload": {
                "crawler_name": "${crawler1}"
            }
        },
        "Catch": [
            {
                "ErrorEquals": [
                    "States.ALL"
                ],
                "ResultPath": "$.error-info",
                "Next": "Error"
            }
        ],
        "ResultPath": "$.inputpayload",
        "Next": "wait_seconds1"
    },
    "wait_seconds1": {
        "Type": "Wait",
        "Seconds": 300,
        "Next": "Layer-3-2"
    },
      "Layer-3-2": {
          "Type": "Parallel",
          "Branches": [
              {
                  "StartAt": "cmdm-l2-l3-company-codes",
                  "States": {
                      "cmdm-l2-l3-company-codes": {
                          "Type": "Task",
                          "Resource": "arn:aws:states:::glue:startJobRun.sync",
                          "Parameters": {
                              "JobName": "${job2}"
                          },
                          "TimeoutSeconds": 3600,
                          "Retry": [
                              {
                                  "ErrorEquals": [
                                      "States.Timeout","Glue.AWSGlueException"
                                  ],
                                  "IntervalSeconds":10,
                                  "MaxAttempts": 25,
                                  "BackoffRate": 1.5
                              }
                          ],
                          "End": true,
                          "Catch": [
                              {
                                  "ErrorEquals": [
                                      "States.ALL"
                                  ],
                                  "ResultPath": "$.error-info",
                                  "Next": "Fallback-company"
                              }
                          ]
                      },
                      "Fallback-company": {
                          "Type": "Pass",
                          "Parameters": {
                              "BranchOutput.$": "$",
                              "BranchError": true
                          },
                          "End": true
                      }
                  }
              },
              {
                  "StartAt": "cmdm-l2-l3-sales-area",
                  "States": {
                      "cmdm-l2-l3-sales-area": {
                          "Type": "Task",
                          "Resource": "arn:aws:states:::glue:startJobRun.sync",
                          "Parameters": {
                              "JobName": "${job3}"
                          },
                          "TimeoutSeconds": 3600,
                          "Retry": [
                              {
                                  "ErrorEquals": [
                                      "States.Timeout","Glue.AWSGlueException"
                                  ],
                                  "IntervalSeconds":10,
                                  "MaxAttempts": 25,
                                  "BackoffRate": 1.5
                              }
                          ],
                          "End": true,
                          "Catch": [
                              {
                                  "ErrorEquals": [
                                      "States.ALL"
                                  ],
                                  "ResultPath": "$.error-info",
                                  "Next": "Fallback-sales-area"
                              }
                          ]
                      },
                      "Fallback-sales-area": {
                          "Type": "Pass",
                          "Parameters": {
                              "BranchOutput.$": "$",
                              "BranchError": true
                          },
                          "End": true
                      }
                  }
              }
          ],
          "ResultPath": "$.ParralelOutput",
          "Next": "Pre-Process-L3-2"
      },
      "Pre-Process-L3-2": {
          "Type": "Pass",
          "Parameters": {
              "OrderedArray": [
                  {
                      "OriginalData": {
                          "Input.$": "$",
                          "ShouldFilterData": false
                      }
                  },
                  {
                      "ValuesToCheck": {
                          "ListBranchErrors.$": "$.ParralelOutput[?(@.BranchError==true)].BranchError",
                          "BranchFailures": true
                      }
                  },
                  {
                      "DefaultAlwaysFalse": {
                          "ShouldFilterData": false,
                          "BranchFailures": false
                      }
                  }
              ]
          },
          "OutputPath": "$..[?(@.ShouldFilterData == false || @.ListBranchErrors[0] == true)]",
          "Next": "StatusCheck-L3-2"
      },
      "StatusCheck-L3-2": {
          "Type": "Choice",
          "OutputPath": "$.[0].Input",
          "Choices": [
              {
                  "Variable": "$[1].BranchFailures",
                  "BooleanEquals": true,
                  "Next": "Error"
              },
              {
                  "Variable": "$[1].BranchFailures",
                  "BooleanEquals": false,
                  "Next": "l3-crawler"
              }
          ],
          "Default": "l3-crawler"
      },
      "l3-crawler": {
        "Type": "Task",
        "Resource": "arn:aws:states:::lambda:invoke",
        "Parameters": {
            "FunctionName": "${function}",
            "Payload": {
                "crawler_name": "${crawler2}"
            }
        },
        "Catch": [
            {
                "ErrorEquals": [
                    "States.ALL"
                ],
                "ResultPath": "$.error-info",
                "Next": "Error"
            }
        ],
        "ResultPath": "$.inputpayload",
        "Next": "wait_seconds2"
    },
    "wait_seconds2": {
        "Type": "Wait",
        "Seconds": 600,
        "Next": "cmdm-l3-l4-dim-customer"
    },
      "cmdm-l3-l4-dim-customer": {
          "Type": "Task",
          "Resource": "arn:aws:states:::glue:startJobRun.sync",
          "Parameters": {
              "JobName": "${job4}"
          },
          "TimeoutSeconds": 3600,
          "Retry": [
              {
                  "ErrorEquals": [
                      "States.Timeout","Glue.AWSGlueException"
                  ],
                  "IntervalSeconds":10,
                  "MaxAttempts": 25,
                  "BackoffRate": 1.5
              }
          ],
          "Catch": [
              {
                  "ErrorEquals": [
                      "States.ALL"
                  ],
                  "ResultPath": "$.error-info",
                  "Next": "Error"
              }
          ],
          "ResultPath": "$.inputpayload",
          "Next": "l4-crawler"
      },
      "l4-crawler": {
        "Type": "Task",
        "Resource": "arn:aws:states:::lambda:invoke",
        "Parameters": {
            "FunctionName": "${function}",
            "Payload": {
                "crawler_name": "${crawler3}"
            }
        },
        "Catch": [
            {
                "ErrorEquals": [
                    "States.ALL"
                ],
                "ResultPath": "$.error-info",
                "Next": "Error"
            }
        ],
        "ResultPath": "$.inputpayload",
        "Next": "wait_seconds3"
    },
    "wait_seconds3": {
        "Type": "Wait",
        "Seconds": 600,
        "Next": "Done"
    },
      "Done": {
          "Type": "Succeed"
      },
      "Error": {
          "Type": "Pass",
          "Next": "octagon-log"
      },
      "octagon-log": {
          "Type": "Task",
          "Resource": "${lambda1}",
          "Next": "Failed"
      },
      "Failed": {
          "Type": "Fail"
      }
  }
}