{
    "Comment": "Step function to execute PROT Layer 4 to Layer 41 glue jobs",
    "StartAt": "prot-l4-l41-br-s1",
    "States": {
        "prot-l4-l41-br-s1": {
            "Type": "Task",
            "Resource": "arn:aws:states:::glue:startJobRun.sync",
            "Parameters": {
                "JobName": "${job1}"
            },
            "TimeoutSeconds": 3600,
            "Retry": [
                {
                    "ErrorEquals": [
                        "States.Timeout","Glue.AWSGlueException"
                    ],
                    "IntervalSeconds":10,
                    "MaxAttempts": 25,
                    "BackoffRate": 1.5
                }
            ],
            "Catch": [
                {
                    "ErrorEquals": [
                        "States.ALL"
                    ],
                    "ResultPath": "$.error-info",
                    "Next": "Error"
                }
            ],
            "ResultPath": "$.inputpayload",
            "Next": "l41-crawler-s1"
        },
        "l41-crawler-s1": {
            "Type": "Task",
            "Resource": "arn:aws:states:::lambda:invoke",
            "Parameters": {
                "FunctionName": "${function}",
                "Payload": {
                    "crawler_name": "${crawler1}"
                }
            },
            "Catch": [
                {
                    "ErrorEquals": [
                        "States.ALL"
                    ],
                    "ResultPath": "$.error-info",
                    "Next": "Error"
                }
            ],
            "ResultPath": "$.inputpayload",
            "Next": "wait_seconds1"
        },
        "wait_seconds1": {
            "Type": "Wait",
            "Seconds": 240,
            "Next": "prot-l4-l41-br-s2"
        },
        "prot-l4-l41-br-s2": {
            "Type": "Task",
            "Resource": "arn:aws:states:::glue:startJobRun.sync",
            "Parameters": {
                "JobName": "${job2}"
            },
            "TimeoutSeconds": 3600,
            "Retry": [
                {
                    "ErrorEquals": [
                        "States.Timeout","Glue.AWSGlueException"
                    ],
                    "IntervalSeconds":10,
                    "MaxAttempts": 25,
                    "BackoffRate": 1.5
                }
            ],
            "Catch": [
                {
                    "ErrorEquals": [
                        "States.ALL"
                    ],
                    "ResultPath": "$.error-info",
                    "Next": "Error"
                }
            ],
            "ResultPath": "$.inputpayload",
            "Next": "l41-crawler-s2"
        },
        "l41-crawler-s2": {
            "Type": "Task",
            "Resource": "arn:aws:states:::lambda:invoke",
            "Parameters": {
                "FunctionName": "${function}",
                "Payload": {
                    "crawler_name": "${crawler2}"
                }
            },
            "Catch": [
                {
                    "ErrorEquals": [
                        "States.ALL"
                    ],
                    "ResultPath": "$.error-info",
                    "Next": "Error"
                }
            ],
            "ResultPath": "$.inputpayload",
            "Next": "wait_seconds2"
        },
        "wait_seconds2": {
            "Type": "Wait",
            "Seconds": 240,
            "Next": "prot-l4-l41-br-s3"
        },
        "prot-l4-l41-br-s3": {
            "Type": "Task",
            "Resource": "arn:aws:states:::glue:startJobRun.sync",
            "Parameters": {
                "JobName": "${job3}"
            },
            "TimeoutSeconds": 3600,
            "Retry": [
                {
                    "ErrorEquals": [
                        "States.Timeout","Glue.AWSGlueException"
                    ],
                    "IntervalSeconds":10,
                    "MaxAttempts": 25,
                    "BackoffRate": 1.5
                }
            ],
            "Catch": [
                {
                    "ErrorEquals": [
                        "States.ALL"
                    ],
                    "ResultPath": "$.error-info",
                    "Next": "Error"
                }
            ],
            "ResultPath": "$.inputpayload",
            "Next": "l41-crawler-s3"
        },
        "l41-crawler-s3": {
            "Type": "Task",
            "Resource": "arn:aws:states:::lambda:invoke",
            "Parameters": {
                "FunctionName": "${function}",
                "Payload": {
                    "crawler_name": "${crawler3}"
                }
            },
            "Catch": [
                {
                    "ErrorEquals": [
                        "States.ALL"
                    ],
                    "ResultPath": "$.error-info",
                    "Next": "Error"
                }
            ],
            "ResultPath": "$.inputpayload",
            "Next": "wait_seconds3"
        },
        "wait_seconds3": {
            "Type": "Wait",
            "Seconds": 240,
            "Next": "prot-l4-l41-br-s4"
        },
        "prot-l4-l41-br-s4": {
            "Type": "Task",
            "Resource": "arn:aws:states:::glue:startJobRun.sync",
            "Parameters": {
                "JobName": "${job4}"
            },
            "TimeoutSeconds": 3600,
            "Retry": [
                {
                    "ErrorEquals": [
                        "States.Timeout","Glue.AWSGlueException"
                    ],
                    "IntervalSeconds":10,
                    "MaxAttempts": 25,
                    "BackoffRate": 1.5
                }
            ],
            "Catch": [
                {
                    "ErrorEquals": [
                        "States.ALL"
                    ],
                    "ResultPath": "$.error-info",
                    "Next": "Error"
                }
            ],
            "ResultPath": "$.inputpayload",
            "Next": "l41-crawler-s4"
        },
        "l41-crawler-s4": {
            "Type": "Task",
            "Resource": "arn:aws:states:::lambda:invoke",
            "Parameters": {
                "FunctionName": "${function}",
                "Payload": {
                    "crawler_name": "${crawler4}"
                }
            },
            "Catch": [
                {
                    "ErrorEquals": [
                        "States.ALL"
                    ],
                    "ResultPath": "$.error-info",
                    "Next": "Error"
                }
            ],
            "ResultPath": "$.inputpayload",
            "Next": "wait_seconds4"
        },
        "wait_seconds4": {
            "Type": "Wait",
            "Seconds": 240,
            "Next": "prot-l4-l41-br-s5"
        },
        "prot-l4-l41-br-s5": {
            "Type": "Task",
            "Resource": "arn:aws:states:::glue:startJobRun.sync",
            "Parameters": {
                "JobName": "${job5}"
            },
            "TimeoutSeconds": 3600,
            "Retry": [
                {
                    "ErrorEquals": [
                        "States.Timeout","Glue.AWSGlueException"
                    ],
                    "IntervalSeconds":10,
                    "MaxAttempts": 25,
                    "BackoffRate": 1.5
                }
            ],
            "Catch": [
                {
                    "ErrorEquals": [
                        "States.ALL"
                    ],
                    "ResultPath": "$.error-info",
                    "Next": "Error"
                }
            ],
            "ResultPath": "$.inputpayload",
            "Next": "l41-crawler-s5"
        },
        "l41-crawler-s5": {
            "Type": "Task",
            "Resource": "arn:aws:states:::lambda:invoke",
            "Parameters": {
                "FunctionName": "${function}",
                "Payload": {
                    "crawler_name": "${crawler5}"
                }
            },
            "Catch": [
                {
                    "ErrorEquals": [
                        "States.ALL"
                    ],
                    "ResultPath": "$.error-info",
                    "Next": "Error"
                }
            ],
            "ResultPath": "$.inputpayload",
            "Next": "wait_seconds5"
        },
        "wait_seconds5": {
            "Type": "Wait",
            "Seconds": 240,
            "Next": "Done"
        },
        "Done": {
            "Type": "Succeed"
        },
        "Error": {
            "Type": "Pass",
            "Next": "octagon-log"
        },
        "octagon-log": {
            "Type": "Task",
            "Resource": "${lambda1}",
            "Next": "Failed"
        },
        "Failed": {
            "Type": "Fail"
        }
    }
}