{
    "Comment": "Step function to execute CAE Layer 42 glue jobs",
    "StartAt": "cae-l41-l42-fact-sales-billing-cost-allocation",
    "States": {
        "cae-l41-l42-fact-sales-billing-cost-allocation": {
            "Type": "Task",
            "Resource": "arn:aws:states:::glue:startJobRun.sync",
            "Parameters": {
                "JobName": "${job1}"
            },
            "TimeoutSeconds": 3600,
            "Retry": [
                {
                    "ErrorEquals": [
                        "States.Timeout","Glue.AWSGlueException"
                    ],
                    "IntervalSeconds":10,
                    "MaxAttempts": 25,
                    "BackoffRate": 1.5
                }
            ],
            "Catch": [
                {
                    "ErrorEquals": [
                        "States.ALL"
                    ],
                    "ResultPath": "$.error-info",
                    "Next": "Error"
                }
            ],
            "ResultPath": "$.inputpayload",
            "Next": "cost-allocation-crawler"
        },
        "cost-allocation-crawler": {
            "Type": "Task",
            "Resource": "arn:aws:states:::lambda:invoke",
            "Parameters": {
                "FunctionName": "${function}",
                "Payload": {
                    "crawler_name": "${crawler1}"
                }
            },
            "Catch": [
                {
                    "ErrorEquals": [
                        "States.ALL"
                    ],
                    "ResultPath": "$.error-info",
                    "Next": "Error"
                }
            ],
            "ResultPath": "$.inputpayload",
            "Next": "wait_seconds1"
        },
        "wait_seconds1": {
            "Type": "Wait",
            "Seconds": 600,
            "Next": "cae-l41-l42-fact-sales-billing-estimated-cost"
        },
        "cae-l41-l42-fact-sales-billing-estimated-cost": {
            "Type": "Task",
            "Resource": "arn:aws:states:::glue:startJobRun.sync",
            "Parameters": {
                "JobName": "${job2}"
            },
            "TimeoutSeconds": 3600,
            "Retry": [
                {
                    "ErrorEquals": [
                        "States.Timeout","Glue.AWSGlueException"
                    ],
                    "IntervalSeconds":10,
                    "MaxAttempts": 25,
                    "BackoffRate": 1.5
                }
            ],
            "Catch": [
                {
                    "ErrorEquals": [
                        "States.ALL"
                    ],
                    "ResultPath": "$.error-info",
                    "Next": "Error"
                }
            ],
            "ResultPath": "$.inputpayload",
            "Next": "estimated-cost-crawler"
        },
        "estimated-cost-crawler": {
            "Type": "Task",
            "Resource": "arn:aws:states:::lambda:invoke",
            "Parameters": {
                "FunctionName": "${function}",
                "Payload": {
                    "crawler_name": "${crawler1}"
                }
            },
            "Catch": [
                {
                    "ErrorEquals": [
                        "States.ALL"
                    ],
                    "ResultPath": "$.error-info",
                    "Next": "Error"
                }
            ],
            "ResultPath": "$.inputpayload",
            "Next": "wait_seconds2"
        },
        "wait_seconds2": {
            "Type": "Wait",
            "Seconds": 600,
            "Next": "cae-l41-l42-fact-sales-billing-cost-allocation-final"
        },
        "cae-l41-l42-fact-sales-billing-cost-allocation-final": {
            "Type": "Task",
            "Resource": "arn:aws:states:::glue:startJobRun.sync",
            "Parameters": {
                "JobName": "${job3}"
            },
            "TimeoutSeconds": 3600,
            "Retry": [
                {
                    "ErrorEquals": [
                        "States.Timeout","Glue.AWSGlueException"
                    ],
                    "IntervalSeconds":10,
                    "MaxAttempts": 25,
                    "BackoffRate": 1.5
                }
            ],
            "Catch": [
                {
                    "ErrorEquals": [
                        "States.ALL"
                    ],
                    "ResultPath": "$.error-info",
                    "Next": "Error"
                }
            ],
            "ResultPath": "$.inputpayload",
            "Next": "cost-llocation-final-crawler"
        },
        "cost-llocation-final-crawler": {
            "Type": "Task",
            "Resource": "arn:aws:states:::lambda:invoke",
            "Parameters": {
                "FunctionName": "${function}",
                "Payload": {
                    "crawler_name": "${crawler1}"
                }
            },
            "Catch": [
                {
                    "ErrorEquals": [
                        "States.ALL"
                    ],
                    "ResultPath": "$.error-info",
                    "Next": "Error"
                }
            ],
            "ResultPath": "$.inputpayload",
            "Next": "wait_seconds3"
        },
        "wait_seconds3": {
            "Type": "Wait",
            "Seconds": 600,
            "Next": "cae-l41-l42-fact-sales-pricing-condition-fr"
        },
        "cae-l41-l42-fact-sales-pricing-condition-fr": {
            "Type": "Task",
            "Resource": "arn:aws:states:::glue:startJobRun.sync",
            "Parameters": {
                "JobName": "${job4}"
            },
            "TimeoutSeconds": 3600,
            "Retry": [
                {
                    "ErrorEquals": [
                        "States.Timeout","Glue.AWSGlueException"
                    ],
                    "IntervalSeconds":10,
                    "MaxAttempts": 25,
                    "BackoffRate": 1.5
                }
            ],
            "Catch": [
                {
                    "ErrorEquals": [
                        "States.ALL"
                    ],
                    "ResultPath": "$.error-info",
                    "Next": "Error"
                }
            ],
            "ResultPath": "$.inputpayload",
            "Next": "pricing-condition-fr-crawler"
        },
        "pricing-condition-fr-crawler": {
            "Type": "Task",
            "Resource": "arn:aws:states:::lambda:invoke",
            "Parameters": {
                "FunctionName": "${function}",
                "Payload": {
                    "crawler_name": "${crawler1}"
                }
            },
            "Catch": [
                {
                    "ErrorEquals": [
                        "States.ALL"
                    ],
                    "ResultPath": "$.error-info",
                    "Next": "Error"
                }
            ],
            "ResultPath": "$.inputpayload",
            "Next": "wait_seconds4"
        },
        "wait_seconds4": {
            "Type": "Wait",
            "Seconds": 600,
            "Next": "cae-l41-l42-fact-sales-pricing-condition"
        },
        "cae-l41-l42-fact-sales-pricing-condition": {
            "Type": "Task",
            "Resource": "arn:aws:states:::glue:startJobRun.sync",
            "Parameters": {
                "JobName": "${job5}"
            },
            "TimeoutSeconds": 3600,
            "Retry": [
                {
                    "ErrorEquals": [
                        "States.Timeout","Glue.AWSGlueException"
                    ],
                    "IntervalSeconds":10,
                    "MaxAttempts": 25,
                    "BackoffRate": 1.5
                }
            ],
            "Catch": [
                {
                    "ErrorEquals": [
                        "States.ALL"
                    ],
                    "ResultPath": "$.error-info",
                    "Next": "Error"
                }
            ],
            "ResultPath": "$.inputpayload",
            "Next": "pricing-condition-crawler"
        },
        "pricing-condition-crawler": {
            "Type": "Task",
            "Resource": "arn:aws:states:::lambda:invoke",
            "Parameters": {
                "FunctionName": "${function}",
                "Payload": {
                    "crawler_name": "${crawler1}"
                }
            },
            "Catch": [
                {
                    "ErrorEquals": [
                        "States.ALL"
                    ],
                    "ResultPath": "$.error-info",
                    "Next": "Error"
                }
            ],
            "ResultPath": "$.inputpayload",
            "Next": "wait_seconds5"
        },
        "wait_seconds5": {
            "Type": "Wait",
            "Seconds": 600,
            "Next": "Done"
        },
        "Done": {
            "Type": "Succeed"
        },
        "Error": {
            "Type": "Pass",
            "Next": "octagon-log"
        },
        "octagon-log": {
            "Type": "Task",
            "Resource": "${lambda1}",
            "Next": "Failed"
        },
        "Failed": {
            "Type": "Fail"
        }
    }
}