{
    "Comment": "Step function to execute GCT glue jobs",
    "StartAt": "Start",
    "States": {
        "Start": {
            "Type": "Parallel",
            "Branches": [
                {
                    "StartAt": "gct-l2-l3-job1",
                    "States": {
                        "gct-l2-l3-job1": {
                            "Type": "Task",
                            "Resource": "arn:aws:states:::glue:startJobRun.sync",
                            "Parameters": {
                                "JobName": "${job1}"
                            },
                            "TimeoutSeconds": 3600,
                            "Retry": [
                                {
                                    "ErrorEquals": [
                                        "States.Timeout","Glue.AWSGlueException"
                                    ],
                                    "IntervalSeconds":10,
                                    "MaxAttempts": 25,
                                    "BackoffRate": 1.5
                                }
                            ],
                            "End": true,
                            "Catch": [
                                {
                                    "ErrorEquals": [
                                        "States.ALL"
                                    ],
                                    "ResultPath": "$.error-info",
                                    "Next": "Fallback-gct-l2-l3-job1"
                                }
                            ]
                        },
                        "Fallback-gct-l2-l3-job1": {
                            "Type": "Pass",
                            "Parameters": {
                                "BranchOutput.$": "$",
                                "BranchError": true
                            },
                            "End": true
                        }
                    }
                },
                {
                    "StartAt": "gct-l2-l3-job2",
                    "States": {
                        "gct-l2-l3-job2": {
                            "Type": "Task",
                            "Resource": "arn:aws:states:::glue:startJobRun.sync",
                            "Parameters": {
                                "JobName": "${job2}"
                            },
                            "TimeoutSeconds": 3600,
                            "Retry": [
                                {
                                    "ErrorEquals": [
                                        "States.Timeout","Glue.AWSGlueException"
                                    ],
                                    "IntervalSeconds":10,
                                    "MaxAttempts": 25,
                                    "BackoffRate": 1.5
                                }
                            ],
                            "End": true,
                            "Catch": [
                                {
                                    "ErrorEquals": [
                                        "States.ALL"
                                    ],
                                    "ResultPath": "$.error-info",
                                    "Next": "Fallback-gct-l2-l3-job2"
                                }
                            ]
                        },
                        "Fallback-gct-l2-l3-job2": {
                            "Type": "Pass",
                            "Parameters": {
                                "BranchOutput.$": "$",
                                "BranchError": true
                            },
                            "End": true
                        }
                    }
                }
            ],
            "ResultPath": "$.ParralelOutput",
            "Next": "Pre-Process"
        },
        "Pre-Process": {
            "Type": "Pass",
            "Parameters": {
                "OrderedArray": [
                    {
                        "OriginalData": {
                            "Input.$": "$",
                            "ShouldFilterData": false
                        }
                    },
                    {
                        "ValuesToCheck": {
                            "ListBranchErrors.$": "$.ParralelOutput[?(@.BranchError==true)].BranchError",
                            "BranchFailures": true
                        }
                    },
                    {
                        "DefaultAlwaysFalse": {
                            "ShouldFilterData": false,
                            "BranchFailures": false
                        }
                    }
                ]
            },
            "OutputPath": "$..[?(@.ShouldFilterData == false || @.ListBranchErrors[0] == true)]",
            "Next": "StatusCheck"
        },
        "StatusCheck": {
            "Type": "Choice",
            "OutputPath": "$.[0].Input",
            "Choices": [
                {
                    "Variable": "$[1].BranchFailures",
                    "BooleanEquals": true,
                    "Next": "Error"
                },
                {
                    "Variable": "$[1].BranchFailures",
                    "BooleanEquals": false,
                    "Next": "l3-crawler"
                }
            ],
            "Default": "l3-crawler"
        },
        "l3-crawler": {
            "Type": "Task",
            "Resource": "arn:aws:states:::lambda:invoke",
            "Parameters": {
                "FunctionName": "${function}",
                "Payload": {
                    "crawler_name": "${crawler1}"
                }
            },
            "Catch": [
                {
                    "ErrorEquals": [
                        "States.ALL"
                    ],
                    "ResultPath": "$.error-info",
                    "Next": "Error"
                }
            ],
            "ResultPath": "$.inputpayload",
            "Next": "wait_seconds1"
        },
        "wait_seconds1": {
            "Type": "Wait",
            "Seconds": 240,
            "Next": "Layer-4"
        },
        "Layer-4": {
            "Type": "Parallel",
            "Branches": [
                {
                    "StartAt": "glue-gct-l3-l4-job1",
                    "States": {
                        "glue-gct-l3-l4-job1": {
                            "Type": "Task",
                            "Resource": "arn:aws:states:::glue:startJobRun.sync",
                            "Parameters": {
                                "JobName": "${job3}"
                            },
                            "TimeoutSeconds": 3600,
                            "Retry": [
                                {
                                    "ErrorEquals": [
                                        "States.Timeout","Glue.AWSGlueException"
                                    ],
                                    "IntervalSeconds":10,
                                    "MaxAttempts": 25,
                                    "BackoffRate": 1.5
                                }
                            ],
                            "End": true,
                            "Catch": [
                                {
                                    "ErrorEquals": [
                                        "States.ALL"
                                    ],
                                    "ResultPath": "$.error-info",
                                    "Next": "Fallback-glue-gct-l3-l4-job1"
                                }
                            ]
                        },
                        "Fallback-glue-gct-l3-l4-job1": {
                            "Type": "Pass",
                            "Parameters": {
                                "BranchOutput.$": "$",
                                "BranchError": true
                            },
                            "End": true
                        }
                    }
                },
                {
                    "StartAt": "glue-gct-l3-l4-job2",
                    "States": {
                        "glue-gct-l3-l4-job2": {
                            "Type": "Task",
                            "Resource": "arn:aws:states:::glue:startJobRun.sync",
                            "Parameters": {
                                "JobName": "${job4}"
                            },
                            "TimeoutSeconds": 3600,
                            "Retry": [
                                {
                                    "ErrorEquals": [
                                        "States.Timeout","Glue.AWSGlueException"
                                    ],
                                    "IntervalSeconds":10,
                                    "MaxAttempts": 25,
                                    "BackoffRate": 1.5
                                }
                            ],
                            "End": true,
                            "Catch": [
                                {
                                    "ErrorEquals": [
                                        "States.ALL"
                                    ],
                                    "ResultPath": "$.error-info",
                                    "Next": "Fallback-glue-gct-l3-l4-job2"
                                }
                            ]
                        },
                        "Fallback-glue-gct-l3-l4-job2": {
                            "Type": "Pass",
                            "Parameters": {
                                "BranchOutput.$": "$",
                                "BranchError": true
                            },
                            "End": true
                        }
                    }
                }
            ],
            "ResultPath": "$.ParralelOutput",
            "Next": "Pre-Process-l4"
        },
        "Pre-Process-l4": {
            "Type": "Pass",
            "Parameters": {
                "OrderedArray": [
                    {
                        "OriginalData": {
                            "Input.$": "$",
                            "ShouldFilterData": false
                        }
                    },
                    {
                        "ValuesToCheck": {
                            "ListBranchErrors.$": "$.ParralelOutput[?(@.BranchError==true)].BranchError",
                            "BranchFailures": true
                        }
                    },
                    {
                        "DefaultAlwaysFalse": {
                            "ShouldFilterData": false,
                            "BranchFailures": false
                        }
                    }
                ]
            },
            "OutputPath": "$..[?(@.ShouldFilterData == false || @.ListBranchErrors[0] == true)]",
            "Next": "StatusCheck-L4"
        },
        "StatusCheck-L4": {
            "Type": "Choice",
            "OutputPath": "$.[0].Input",
            "Choices": [
                {
                    "Variable": "$[1].BranchFailures",
                    "BooleanEquals": true,
                    "Next": "Error"
                },
                {
                    "Variable": "$[1].BranchFailures",
                    "BooleanEquals": false,
                    "Next": "l4-crawler"
                }
            ],
            "Default": "l4-crawler"
        },
        "l4-crawler": {
                "Type": "Task",
                "Resource": "arn:aws:states:::lambda:invoke",
                "Parameters": {
                    "FunctionName": "${function}",
                    "Payload": {
                        "crawler_name": "${crawler2}"
                    }
                },
                "Catch": [
                    {
                        "ErrorEquals": [
                            "States.ALL"
                        ],
                        "ResultPath": "$.error-info",
                        "Next": "Error"
                    }
                ],
                "ResultPath": "$.inputpayload",
                "Next": "wait_seconds3"
            },
        "wait_seconds3": {
                "Type": "Wait",
                "Seconds": 240,
                "Next": "Layer4"
            },
        "Layer6": {
            "Type": "Parallel",
            "Branches": [
                {
                    "StartAt": "glue-gct-l4-l6-job1",
                    "States": {
                        "glue-gct-l4-l6-job1": {
                            "Type": "Task",
                            "Resource": "arn:aws:states:::glue:startJobRun.sync",
                            "Parameters": {
                                "JobName": "${job5}"
                            },
                            "TimeoutSeconds": 3600,
                            "Retry": [
                                {
                                    "ErrorEquals": [
                                        "States.Timeout","Glue.AWSGlueException"
                                    ],
                                    "IntervalSeconds":10,
                                    "MaxAttempts": 25,
                                    "BackoffRate": 1.5
                                }
                            ],
                            "End": true,
                            "Catch": [
                                {
                                    "ErrorEquals": [
                                        "States.ALL"
                                    ],
                                    "ResultPath": "$.error-info",
                                    "Next": "Fallback-glue-gct-l4-l6-job1"
                                }
                            ]
                        },
                        "Fallback-glue-gct-l4-l6-job1": {
                            "Type": "Pass",
                            "Parameters": {
                                "BranchOutput.$": "$",
                                "BranchError": true
                            },
                            "End": true
                        }
                    }
                },
                {
                    "StartAt": "glue-gct-l4-l6-job2",
                    "States": {
                        "glue-gct-l4-l6-job2": {
                            "Type": "Task",
                            "Resource": "arn:aws:states:::glue:startJobRun.sync",
                            "Parameters": {
                                "JobName": "${job6}"
                            },
                            "TimeoutSeconds": 3600,
                            "Retry": [
                                {
                                    "ErrorEquals": [
                                        "States.Timeout","Glue.AWSGlueException"
                                    ],
                                    "IntervalSeconds":10,
                                    "MaxAttempts": 25,
                                    "BackoffRate": 1.5
                                }
                            ],
                            "End": true,
                            "Catch": [
                                {
                                    "ErrorEquals": [
                                        "States.ALL"
                                    ],
                                    "ResultPath": "$.error-info",
                                    "Next": "Fallback-glue-gct-l4-l6-job2"
                                }
                            ]
                        },
                        "Fallback-glue-gct-l4-l6-job2": {
                            "Type": "Pass",
                            "Parameters": {
                                "BranchOutput.$": "$",
                                "BranchError": true
                            },
                            "End": true
                        }
                    }
                }
            ],
            "ResultPath": "$.ParralelOutput",
            "Next": "L6-Pre-Process"
        },
        "L6-Pre-Process": {
            "Type": "Pass",
            "Parameters": {
                "OrderedArray": [
                    {
                        "OriginalData": {
                            "Input.$": "$",
                            "ShouldFilterData": false
                        }
                    },
                    {
                        "ValuesToCheck": {
                            "ListBranchErrors.$": "$.ParralelOutput[?(@.BranchError==true)].BranchError",
                            "BranchFailures": true
                        }
                    },
                    {
                        "DefaultAlwaysFalse": {
                            "ShouldFilterData": false,
                            "BranchFailures": false
                        }
                    }
                ]
            },
            "OutputPath": "$..[?(@.ShouldFilterData == false || @.ListBranchErrors[0] == true)]",
            "Next": "L6-StatusCheck"
        },
        "L6-StatusCheck": {
            "Type": "Choice",
            "OutputPath": "$.[0].Input",
            "Choices": [
                {
                    "Variable": "$[1].BranchFailures",
                    "BooleanEquals": true,
                    "Next": "Error"
                },
                {
                    "Variable": "$[1].BranchFailures",
                    "BooleanEquals": false,
                    "Next": "l6-crawler"
                }
            ],
            "Default": "l6-crawler"
        },
        "l6-crawler": {
            "Type": "Task",
            "Resource": "arn:aws:states:::lambda:invoke",
            "Parameters": {
                "FunctionName": "${function}",
                "Payload": {
                    "crawler_name": "${crawler3}"
                }
            },
            "Catch": [
                {
                    "ErrorEquals": [
                        "States.ALL"
                    ],
                    "ResultPath": "$.error-info",
                    "Next": "Error"
                }
            ],
            "ResultPath": "$.inputpayload",
            "Next": "wait_seconds6"
        },
        "wait_seconds6": {
            "Type": "Wait",
            "Seconds": 240,
            "Next": "Done"
        },
        "Done": {
            "Type": "Succeed"
        },
        "Error": {
            "Type": "Pass",
            "Next": "octagon-log"
        },
        "octagon-log": {
            "Type": "Task",
            "Resource": "${lambda1}",
            "Next": "Failed"
        },
        "Failed": {
            "Type": "Fail"
        }
    }
}