{
  "Comment": "Step function to execute PR4 layer 3 and 4 glue jobs",
  "StartAt": "Start",
  "States": {
      "Start": {
          "Type": "Parallel",
          "Branches": [
              {
                  "StartAt": "pr4-l2-l3-pricing-condition",
                  "States": {
                      "pr4-l2-l3-pricing-condition": {
                          "Type": "Task",
                          "Resource": "arn:aws:states:::glue:startJobRun.sync",
                          "Parameters": {
                              "JobName": "${job1}"
                          },
                          "TimeoutSeconds": 3600,
                          "Retry": [
                              {
                                  "ErrorEquals": [
                                      "States.Timeout","Glue.AWSGlueException"
                                  ],
                                  "IntervalSeconds":10,
                                  "MaxAttempts": 25,
                                  "BackoffRate": 1.5
                              }
                          ],
                          "End": true,
                          "Catch": [
                              {
                                  "ErrorEquals": [
                                      "States.ALL"
                                  ],
                                  "ResultPath": "$.error-info",
                                  "Next": "Fallback-pricing"
                              }
                          ]
                      },
                      "Fallback-pricing": {
                          "Type": "Pass",
                          "Parameters": {
                              "BranchOutput.$": "$",
                              "BranchError": true
                          },
                          "End": true
                      }
                  }
              },
              {
                  "StartAt": "pr4-l2-l3-sales-billing",
                  "States": {
                      "pr4-l2-l3-sales-billing": {
                          "Type": "Task",
                          "Resource": "arn:aws:states:::glue:startJobRun.sync",
                          "Parameters": {
                              "JobName": "${job2}"
                          },
                          "TimeoutSeconds": 3600,
                          "Retry": [
                              {
                                  "ErrorEquals": [
                                      "States.Timeout","Glue.AWSGlueException"
                                  ],
                                  "IntervalSeconds":10,
                                  "MaxAttempts": 25,
                                  "BackoffRate": 1.5
                              }
                          ],
                          "End": true,
                          "Catch": [
                              {
                                  "ErrorEquals": [
                                      "States.ALL"
                                  ],
                                  "ResultPath": "$.error-info",
                                  "Next": "Fallback-billing"
                              }
                          ]
                      },
                      "Fallback-billing": {
                          "Type": "Pass",
                          "Parameters": {
                              "BranchOutput.$": "$",
                              "BranchError": true
                          },
                          "End": true
                      }
                  }
              }
          ],
          "ResultPath": "$.ParralelOutput",
          "Next": "Pre-Process-l3-jobs"
      },
      "Pre-Process-l3-jobs": {
          "Type": "Pass",
          "Parameters": {
              "OrderedArray": [
                  {
                      "OriginalData": {
                          "Input.$": "$",
                          "ShouldFilterData": false
                      }
                  },
                  {
                      "ValuesToCheck": {
                          "ListBranchErrors.$": "$.ParralelOutput[?(@.BranchError==true)].BranchError",
                          "BranchFailures": true
                      }
                  },
                  {
                      "DefaultAlwaysFalse": {
                          "ShouldFilterData": false,
                          "BranchFailures": false
                      }
                  }
              ]
          },
          "OutputPath": "$..[?(@.ShouldFilterData == false || @.ListBranchErrors[0] == true)]",
          "Next": "StatusCheck-l3-jobs"
      },
      "StatusCheck-l3-jobs": {
          "Type": "Choice",
          "OutputPath": "$.[0].Input",
          "Choices": [
              {
                  "Variable": "$[1].BranchFailures",
                  "BooleanEquals": true,
                  "Next": "Error"
              },
              {
                  "Variable": "$[1].BranchFailures",
                  "BooleanEquals": false,
                  "Next": "Layer-3-to-4"
              }
          ],
          "Default": "Layer-3-to-4"
      },
      "Layer-3-to-4": {
          "Type": "Parallel",
          "Branches": [
              {
                  "StartAt": "pr4-l3-l4-sales-billing",
                  "States": {
                      "pr4-l3-l4-sales-billing": {
                          "Type": "Task",
                          "Resource": "arn:aws:states:::glue:startJobRun.sync",
                          "Parameters": {
                              "JobName": "${job4}"
                          },
                          "TimeoutSeconds": 3600,
                          "Retry": [
                                  {
                                  "ErrorEquals": [
                                      "States.Timeout","Glue.AWSGlueException"
                                  ],
                                  "IntervalSeconds":10,
                                  "MaxAttempts": 25,
                                  "BackoffRate": 1.5
                              }
                          ],
                          "End": true,
                          "Catch": [
                              {
                                  "ErrorEquals": [
                                      "States.ALL"
                                  ],
                                  "ResultPath": "$.error-info",
                                  "Next": "Fallback-sales-billing"
                              }
                          ]
                      },
                      "Fallback-sales-billing": {
                          "Type": "Pass",
                          "Parameters": {
                              "BranchOutput.$": "$",
                              "BranchError": true
                          },
                          "End": true
                      }
                  }
              },
              {
                "StartAt": "pr4-l3-l4-pricing-condition",
                "States": {
                    "pr4-l3-l4-pricing-condition": {
                        "Type": "Task",
                        "Resource": "arn:aws:states:::glue:startJobRun.sync",
                        "Parameters": {
                            "JobName": "${job3}"
                        },
                        "TimeoutSeconds": 3600,
                        "Retry": [
                                {
                                "ErrorEquals": [
                                    "States.Timeout","Glue.AWSGlueException"
                                ],
                                "IntervalSeconds":10,
                                "MaxAttempts": 25,
                                "BackoffRate": 1.5
                            }
                        ],
                        "End": true,
                        "Catch": [
                            {
                                "ErrorEquals": [
                                    "States.ALL"
                                ],
                                "ResultPath": "$.error-info",
                                "Next": "Fallback-pricing-cond"
                            }
                        ]
                    },
                    "Fallback-pricing-cond": {
                        "Type": "Pass",
                        "Parameters": {
                            "BranchOutput.$": "$",
                            "BranchError": true
                        },
                        "End": true
                    }
                }
            }
          ],
          "ResultPath": "$.ParralelOutput",
          "Next": "Pre-Process-l3-to-l4"
      },
      "Pre-Process-l3-to-l4": {
          "Type": "Pass",
          "Parameters": {
              "OrderedArray": [
                  {
                      "OriginalData": {
                          "Input.$": "$",
                          "ShouldFilterData": false
                      }
                  },
                  {
                      "ValuesToCheck": {
                          "ListBranchErrors.$": "$.ParralelOutput[?(@.BranchError==true)].BranchError",
                          "BranchFailures": true
                      }
                  },
                  {
                      "DefaultAlwaysFalse": {
                          "ShouldFilterData": false,
                          "BranchFailures": false
                      }
                  }
              ]
          },
          "OutputPath": "$..[?(@.ShouldFilterData == false || @.ListBranchErrors[0] == true)]",
          "Next": "StatusCheck-l3-to-l4"
      },
      "StatusCheck-l3-to-l4": {
          "Type": "Choice",
          "OutputPath": "$.[0].Input",
          "Choices": [
              {
                  "Variable": "$[1].BranchFailures",
                  "BooleanEquals": true,
                  "Next": "Error"
              },
              {
                  "Variable": "$[1].BranchFailures",
                  "BooleanEquals": false,
                  "Next": "Done"
              }
          ],
          "Default": "Done"
      },
      "Done": {
          "Type": "Succeed"
      },
        "Error": {
            "Type": "Pass",
            "Next": "octagon-log"
        },
        "octagon-log": {
            "Type": "Task",
            "Resource": "${lambda1}",
            "Next": "Failed"
        },
        "Failed": {
            "Type": "Fail"
        }
    }
}