{
    "trigger_condition": {
        "all": [
            "aviation-main-ih-cae-layer-5-standalone:COMPLETED",
            "aviation-main-ih-sun-layer-5-standalone:COMPLETED",
            "aviation-main-ih-pr4-layer-5-standalone:COMPLETED",
            "aviation-main-ih-pre-layer-5-standalone:COMPLETED",
            "aviation-main-ih-protheus-layer-5-standalone:COMPLETED"
        ]
    },
    "queue_name": "sdlf-aviation-ih-lcp-layer-51-queue-standalone",
    "max_wait_period_seconds": 10800,
    "status": "enabled",
    "notify_on_failure": "Yes"
}