{
	"Comment": "Orchestration of step function workflow to perform ETL",
	"StartAt": "Layer 3",
	"States": {
		"Layer 3": {
			"Comment": "Start executions of the ISP state machine in parallel",
			"Type": "Parallel",
			"Branches": [
				{
					"StartAt": "ISP-L3-CUST",
					"States": {
						"ISP-L3-CUST": {
							"Type": "Task",
							"Resource": "arn:aws:states:::states:startExecution.sync:2",
							"Parameters": {
								"StateMachineArn": "${job1}",
								"Input": {
									"NeedCallback": false,
									"AWS_STEP_FUNCTIONS_STARTED_BY_EXECUTION_ID.$": "$$.Execution.Id"
								}
							},
							"End": true
						}
					}
				},
				{
					"StartAt": "ISP-L3-PLACE",
					"States": {
						"ISP-L3-PLACE": {
							"Type": "Task",
							"Resource": "arn:aws:states:::states:startExecution.sync:2",
							"Parameters": {
								"StateMachineArn": "${job2}",
								"Input": {
									"NeedCallback": false,
									"AWS_STEP_FUNCTIONS_STARTED_BY_EXECUTION_ID.$": "$$.Execution.Id"
								}
							},
							"End": true
						}
					}
				},
				{
					"StartAt": "ISP-L3-MISC",
					"States": {
						"ISP-L3-MISC": {
							"Type": "Task",
							"Resource": "arn:aws:states:::states:startExecution.sync:2",
							"Parameters": {
								"StateMachineArn": "${job3}",
								"Input": {
									"NeedCallback": false,
									"AWS_STEP_FUNCTIONS_STARTED_BY_EXECUTION_ID.$": "$$.Execution.Id"
								}
							},
							"End": true
						}
					}
				}
			],
            "ResultPath": "$.ParralelOutput",
            "Next": "run-crawler"
        },
        "run-crawler": {
            "Type": "Task",
            "Resource": "arn:aws:states:::lambda:invoke",
            "Parameters": {
                "FunctionName": "${function}",
                "Payload": {
                    "crawler_name": "${crawler}"
                }
            },
            "Catch": [
                {
                    "ErrorEquals": [
                        "States.ALL"
                    ],
                    "ResultPath": "$.error-info",
                    "Next": "Failed"
                }
            ],
            "ResultPath": "$.inputpayload",
            "Next": "wait_seconds"
        },
        "wait_seconds": {
            "Type": "Wait",
            "Seconds": 900,
            "Next": "Done"
        },
        "Done": {
            "Type": "Succeed"
        },
    "Failed": {
        "Type": "Fail"
    }
}
}