{
    "version" : "1.10",
    "last_updated_date": "2019-04-28",
    "configuration_instances": [
        {
            "instance": "dev",
            "tables": [
                {
                    "object": "Configuration",
                    "table_name": "octagon-Configuration-dev"
                },
                {
                    "object": "Datasets",
                    "table_name": "octagon-Datasets-dev"
                },
                {
                    "object": "DataSchemas",
                    "table_name": "octagon-DataSchemas-dev"
                },
                {
                    "object": "Pipelines",
                    "table_name": "octagon-Pipelines-dev"
                },
                {
                    "object": "PipelineExecutionHistory",
                    "table_name": "octagon-PipelineExecutionHistory-dev",
                    "ttl": 120
                },
                {
                    "object": "Events",
                    "table_name": "octagon-Events-dev",
                    "ttl": 60
                },
                {
                    "object": "Artifacts",
                    "table_name": "octagon-Artifacts-dev",
                    "ttl": 60
                },
                {
                    "object": "Metrics",
                    "table_name": "octagon-Metrics-dev",
                    "ttl": 60
                }
            ],
            "lambdas": [
                {
                    "lambda_class": "com.amazonaws.octagon.tools.lambda.ScanDynamoLambda",
                    "lambda_name": "octagon-DynamoScan-dev",
                    "runtime": "Java8",
                    "handler": "handleRequest",
                    "local_jar": "../tools/target/octagon-tools-1.0-shaded.jar",
                    "description": "Scan tool for the free-form queries against DynamoDB",
                    "memory_megabytes": 3000,
                    "timeout_seconds": 900
                },
                {
                    "lambda_class": "com.amazonaws.octagon.tools.lambda.OctagonPipelineLauncherLambda",
                    "lambda_name": "octagon-PipelineLauncher-dev",
                    "runtime": "Java8",
                    "handler": "handleRequest",
                    "local_jar": "../tools/target/octagon-tools-1.0-shaded.jar",
                    "description": "Scan tool for the free-form queries against DynamoDB",
                    "memory_megabytes": 1000,
                    "timeout_seconds": 300
                },
                {
                    "lambda_class": "com.amazonaws.octagon.tools.lambda.OctagonPehGetCounters",
                    "lambda_name": "octagon-PEHGetCounters-dev",
                    "runtime": "Java8",
                    "handler": "handleRequest",
                    "local_jar": "../tools/target/octagon-tools-1.0-shaded.jar",
                    "description": "Retrieve counters from Pipeline Execution Histroy table in DynamoDB",
                    "memory_megabytes": 3000,
                    "timeout_seconds": 600
                },
                {
                	"demo": true,
                    "lambda_class": "com.amazonaws.octagon.tools.demodata.OctagonDemoPipeline",
                    "lambda_name": "octagon-DemoPipeline-dev",
                    "runtime": "Java8",
                    "handler": "handleRequest",
                    "local_jar": "../tools/target/octagon-tools-1.0-shaded.jar",
                    "description": "Demo Lambda simulating Pipeline using the Octagon SDK",
                    "memory_megabytes": 1024,
                    "timeout_seconds": 100
                },
                {
                	"demo": true,
                    "lambda_class": "com.amazonaws.octagon.tools.demodata.OctagonDemoSfnLambda1",
                    "lambda_name": "octagon-DemoSfnLambda1-dev",
                    "runtime": "Java8",
                    "handler": "handleRequest",
                    "local_jar": "../tools/target/octagon-tools-1.0-shaded.jar",
                    "description": "Demo of Lambda being a part of Step Functions workflow",
                    "memory_megabytes": 1024,
                    "timeout_seconds": 100
                },
                {
                	"demo": true,
                    "lambda_class": "com.amazonaws.octagon.tools.demodata.OctagonDemoSfnLambda2",
                    "lambda_name": "octagon-DemoSfnLambda2-dev",
                    "runtime": "Java8",
                    "handler": "handleRequest",
                    "local_jar": "../tools/target/octagon-tools-1.0-shaded.jar",
                    "description": "Demo of Lambda being a part of Step Functions workflow",
                    "memory_megabytes": 1024,
                    "timeout_seconds": 100
                },
                {
                	"demo": true,
                    "lambda_class": "com.amazonaws.octagon.tools.demodata.OctagonDemoStreamingPipeline",
                    "lambda_name": "octagon-DemoStreamingPipeline-dev",
                    "runtime": "Java8",
                    "handler": "handleRequest",
                    "local_jar": "../tools/target/octagon-tools-1.0-shaded.jar",
                    "description": "Demo of Streaming Pipeline using Lambda",
                    "memory_megabytes": 1024,
                    "timeout_seconds": 900
                }
            ],
            "metrics": [
                {
                    "metric": "Stream#Stream-2",
                    "evaluation": ">=",
                    "threshold": 25,
                    "notify": "ONCE",
                    "metric_type": "DAILY",
                    "sns_topic": "octagon_Metrics"
                },
                {
                    "metric": "ABC",
                    "evaluation": ">=",
                    "threshold": 100,
                    "notify": "ONCE",
                    "metric_type": "DAILY",
                    "sns_topic": "octagon_Metrics"
                },
                {
                    "metric": "XYZ",
                    "evaluation": ">=",
                    "threshold": 50,
                    "notify": "ONCE",
                    "metric_type": "MONTHLY",
                    "sns_topic": "octagon_Metrics"
                }

            ]
        },
        {
            "instance": "test",
            "tables": [
                {
                    "object": "Configuration",
                    "table_name": "octagon-Configuration-test"
                },
                {
                    "object": "Datasets",
                    "table_name": "octagon-Datasets-test"
                },
                {
                    "object": "DataSchemas",
                    "table_name": "octagon-DataSchemas-test"
                },
                {
                    "object": "Pipelines",
                    "table_name": "octagon-Pipelines-test"
                },
                {
                    "object": "PipelineExecutionHistory",
                    "table_name": "octagon-PipelineExecutionHistory-test",
                    "ttl": 120
                },
                {
                    "object": "Events",
                    "table_name": "octagon-Events-test",
                    "ttl": 60
                },
                {
                    "object": "Artifacts",
                    "table_name": "octagon-Artifacts-test",
                    "ttl": 60
                },
                {
                    "object": "Metrics",
                    "table_name": "octagon-Metrics-test",
                    "ttl": 60
                }
            ],
            "lambdas": [
                {
                    "lambda_class": "com.amazonaws.octagon.tools.lambda.ScanDynamoLambda",
                    "lambda_name": "octagon-DynamoScan-test",
                    "runtime": "Java8",
                    "handler": "handleRequest",
                    "local_jar": "../tools/target/octagon-tools-1.0-shaded.jar",
                    "description": "Scan tool for the free-form queries against DynamoDB",
                    "memory_megabytes": 3000,
                    "timeout_seconds": 900
                },
                {
                    "lambda_class": "com.amazonaws.octagon.tools.lambda.OctagonPipelineLauncherLambda",
                    "lambda_name": "octagon-PipelineLauncher-test",
                    "runtime": "Java8",
                    "handler": "handleRequest",
                    "local_jar": "../tools/target/octagon-tools-1.0-shaded.jar",
                    "description": "Scan tool for the free-form queries against DynamoDB",
                    "memory_megabytes": 1000,
                    "timeout_seconds": 300
                },
                {
                    "lambda_class": "com.amazonaws.octagon.tools.lambda.OctagonPehGetCounters",
                    "lambda_name": "octagon-PEHGetCounters-test",
                    "runtime": "Java8",
                    "handler": "handleRequest",
                    "local_jar": "../tools/target/octagon-tools-1.0-shaded.jar",
                    "description": "Retrieve counters from Pipeline Execution History table in DynamoDB",
                    "memory_megabytes": 3000,
                    "timeout_seconds": 600
                }
            ]
        },
        {
            "instance": "prod",
            "tables": [
                {
                    "object": "Configuration",
                    "table_name": "octagon-Configuration-prod"
                },
                {
                    "object": "Datasets",
                    "table_name": "octagon-Datasets-prod"
                },
                {
                    "object": "DataSchemas",
                    "table_name": "octagon-DataSchemas-prod"
                },
                {
                    "object": "Pipelines",
                    "table_name": "octagon-Pipelines-prod"
                },
                {
                    "object": "PipelineExecutionHistory",
                    "table_name": "octagon-PipelineExecutionHistory-prod",
                    "ttl": 120
                },
                {
                    "object": "Events",
                    "table_name": "octagon-Events-prod",
                    "ttl": 60
                },
                {
                    "object": "Artifacts",
                    "table_name": "octagon-Artifacts-prod",
                    "ttl": 60
                },
                {
                    "object": "Metrics",
                    "table_name": "octagon-Metrics-prod",
                    "ttl": 60
                }
            ],
            "lambdas": [
                {
                    "lambda_class": "com.amazonaws.octagon.tools.lambda.ScanDynamoLambda",
                    "lambda_name": "octagon-DynamoScan-prod",
                    "runtime": "Java8",
                    "handler": "handleRequest",
                    "local_jar": "../tools/target/octagon-tools-1.0-shaded.jar",
                    "description": "Scan tool for the free-form queries against DynamoDB",
                    "memory_megabytes": 3000,
                    "timeout_seconds": 900
                },
                {
                    "lambda_class": "com.amazonaws.octagon.tools.lambda.OctagonPipelineLauncherLambda",
                    "lambda_name": "octagon-PipelineLauncher-prod",
                    "runtime": "Java8",
                    "handler": "handleRequest",
                    "local_jar": "../tools/target/octagon-tools-1.0-shaded.jar",
                    "description": "Scan tool for the free-form queries against DynamoDB",
                    "memory_megabytes": 1000,
                    "timeout_seconds": 300
                },
                {
                    "lambda_class": "com.amazonaws.octagon.tools.lambda.OctagonPehGetCounters",
                    "lambda_name": "octagon-PEHGetCounters-prod",
                    "runtime": "Java8",
                    "handler": "handleRequest",
                    "local_jar": "../tools/target/octagon-tools-1.0-shaded.jar",
                    "description": "Retrieve counters from Pipeline Execution History table in DynamoDB",
                    "memory_megabytes": 3000,
                    "timeout_seconds": 600
                }
            ]
        }
    ]
}