{
    "Comment": "Step function to execute ISP Layer 4 glue jobs",
    "StartAt": "Start",
    "States": {
        "Start": {
            "Type": "Parallel",
            "Branches": [
                {
                    "StartAt": "isp-l3-l4-dim-customer",
                    "States": {
                        "isp-l3-l4-dim-customer": {
                            "Type": "Task",
                            "Resource": "arn:aws:states:::glue:startJobRun.sync",
                            "Parameters": {
                                "JobName": "${job1}"
                            },
                            "TimeoutSeconds": 3600,
                            "Retry": [
                                {
                                    "ErrorEquals": [
                                        "States.Timeout","Glue.AWSGlueException"
                                    ],
                                    "IntervalSeconds":10,
                                    "MaxAttempts": 25,
                                    "BackoffRate": 1.5
                                }
                            ],
                            "End": true,
							"Catch": [
								{
									"ErrorEquals": [
										"States.ALL"
									],
									"ResultPath": "$.error-info",
									"Next": "Fallback-dim-customer"
								}
							]
						},
						"Fallback-dim-customer": {
							"Type": "Pass",
							"Parameters": {
								"BranchOutput.$": "$",
								"BranchError": true
							},
							"End": true
                        }
                    }
                },
                {
                    "StartAt": "isp-l3-l4-dim-location",
                    "States": {
                        "isp-l3-l4-dim-location": {
                            "Type": "Task",
                            "Resource": "arn:aws:states:::glue:startJobRun.sync",
                            "Parameters": {
                                "JobName": "${job2}"
                            },
                            "TimeoutSeconds": 3600,
                            "Retry": [
                                {
                                    "ErrorEquals": [
                                        "States.Timeout","Glue.AWSGlueException"
                                    ],
                                    "IntervalSeconds":10,
                                    "MaxAttempts": 25,
                                    "BackoffRate": 1.5
                                }
                            ],
                            "End": true,
							"Catch": [
								{
									"ErrorEquals": [
										"States.ALL"
									],
									"ResultPath": "$.error-info",
									"Next": "Fallback-dim-location"
								}
							]
						},
						"Fallback-dim-location": {
							"Type": "Pass",
							"Parameters": {
								"BranchOutput.$": "$",
								"BranchError": true
							},
							"End": true
                        }
                    }
                },
                {
                    "StartAt": "isp-l3-l4-fact-sales-billing-gr-hist",
                    "States": {
                        "isp-l3-l4-fact-sales-billing-gr-hist": {
                            "Type": "Task",
                            "Resource": "arn:aws:states:::glue:startJobRun.sync",
                            "Parameters": {
                                "JobName": "${job3}"
                            },
                            "TimeoutSeconds": 3600,
                            "Retry": [
                                {
                                    "ErrorEquals": [
                                        "States.Timeout","Glue.AWSGlueException"
                                    ],
                                    "IntervalSeconds":10,
                                    "MaxAttempts": 25,
                                    "BackoffRate": 1.5
                                }
                            ],
                            "Catch": [
								{
									"ErrorEquals": [
										"States.ALL"
									],
									"ResultPath": "$.error-info",
									"Next": "Fallback-fact-sales-billing-gr-hist"
								}
							],
                            "Next": "isp-l3-l4-fact-sales-billing"
                        },
                        "Fallback-fact-sales-billing-gr-hist": {
							"Type": "Pass",
							"Parameters": {
								"BranchOutput.$": "$",
								"BranchError": true
							},
							"End": true
                        },
                        "isp-l3-l4-fact-sales-billing": {
                            "Type": "Task",
                            "Resource": "arn:aws:states:::glue:startJobRun.sync",
                            "Parameters": {
                                "JobName": "${job4}"
                            },
                            "TimeoutSeconds": 3600,
                            "Retry": [
                                {
                                    "ErrorEquals": [
                                        "States.Timeout","Glue.AWSGlueException"
                                    ],
                                    "IntervalSeconds":10,
                                    "MaxAttempts": 25,
                                    "BackoffRate": 1.5
                                }
                            ],
                            "End": true,
							"Catch": [
								{
									"ErrorEquals": [
										"States.ALL"
									],
									"ResultPath": "$.error-info",
									"Next": "Fallback-fact-sales-billing"
								}
							]
						},
						"Fallback-fact-sales-billing": {
							"Type": "Pass",
							"Parameters": {
								"BranchOutput.$": "$",
								"BranchError": true
							},
							"End": true
                        }
                    }
                }
            ],
            "ResultPath": "$.ParralelOutput",
            "Next": "Pre-Process"
        },
        "Pre-Process": {
            "Type": "Pass",
            "Parameters": {
                "OrderedArray": [
                    {
                        "OriginalData": {
                            "Input.$": "$",
                            "ShouldFilterData": false
                        }
                    },
                    {
                        "ValuesToCheck": {
                            "ListBranchErrors.$": "$.ParralelOutput[?(@.BranchError==true)].BranchError",
                            "BranchFailures": true
                        }
                    },
                    {
                        "DefaultAlwaysFalse": {
                            "ShouldFilterData": false,
                            "BranchFailures": false
                        }
                    }
                ]
            },
            "OutputPath": "$..[?(@.ShouldFilterData == false || @.ListBranchErrors[0] == true)]",
            "Next": "StatusCheck"
        },
        "StatusCheck": {
            "Type": "Choice",
            "OutputPath": "$.[0].Input",
            "Choices": [
                {
                    "Variable": "$[1].BranchFailures",
                    "BooleanEquals": true,
                    "Next": "Error"
                },
                {
                    "Variable": "$[1].BranchFailures",
                    "BooleanEquals": false,
                    "Next": "Done"
                }
            ],
            "Default": "Done"
        },
        "Done": {
            "Type": "Succeed"
        },
        "Error": {
            "Type": "Pass",
            "Next": "octagon-log"
        },
        "octagon-log": {
            "Type": "Task",
            "Resource": "${lambda1}",
            "Next": "Failed"
        },
        "Failed": {
            "Type": "Fail"
        }
    }
}