{
    "Comment": "Step function to execute PROT Layer 4 to Layer 5 glue jobs",
    "StartAt": "Start",
    "States": {
      "Start": {
        "Type": "Parallel",
        "Branches": [
          {
            "StartAt": "prot-l5-summary",
            "States": {
              "prot-l5-summary": {
                "Type": "Task",
                "Resource": "arn:aws:states:::glue:startJobRun.sync",
                "Parameters": {
                  "JobName": "${job1}"
                },
                "TimeoutSeconds": 3600,
                "Retry": [
                  {
                    "ErrorEquals": [
                      "States.Timeout","Glue.AWSGlueException"
                    ],
                    "IntervalSeconds":10,
                    "MaxAttempts": 25,
                    "BackoffRate": 1.5
                  }
                ],
                "End": true,
                "Catch": [
                  {
                    "ErrorEquals": [
                      "States.ALL"
                    ],
                    "ResultPath": "$.error-info",
                    "Next": "Fallback-summary"
                  }
                ]
              },
              "Fallback-summary": {
                "Type": "Pass",
                "Parameters": {
                  "BranchOutput.$": "$",
                  "BranchError": true
                },
                "End": true
              }
            }
          },
          {
            "StartAt": "prot-l5-costelement",
            "States": {
              "prot-l5-costelement": {
                "Type": "Task",
                "Resource": "arn:aws:states:::glue:startJobRun.sync",
                "Parameters": {
                  "JobName": "${job2}"
                },
                "TimeoutSeconds": 3600,
                "Retry": [
                  {
                    "ErrorEquals": [
                      "States.Timeout","Glue.AWSGlueException"
                    ],
                    "IntervalSeconds":10,
                    "MaxAttempts": 25,
                    "BackoffRate": 1.5
                  }
                ],
                "End": true,
                "Catch": [
                  {
                    "ErrorEquals": [
                      "States.ALL"
                    ],
                    "ResultPath": "$.error-info",
                    "Next": "Fallback-cost-element"
                  }
                ]
              },
              "Fallback-cost-element": {
                "Type": "Pass",
                "Parameters": {
                  "BranchOutput.$": "$",
                  "BranchError": true
                },
                "End": true
              }
            }
          }
        ],
        "ResultPath": "$.ParralelOutput",
        "Next": "Pre-Process"
      },
      "Pre-Process": {
        "Type": "Pass",
        "Parameters": {
          "OrderedArray": [
            {
              "OriginalData": {
                "Input.$": "$",
                "ShouldFilterData": false
              }
            },
            {
              "ValuesToCheck": {
                "ListBranchErrors.$": "$.ParralelOutput[?(@.BranchError==true)].BranchError",
                "BranchFailures": true
              }
            },
            {
              "DefaultAlwaysFalse": {
                "ShouldFilterData": false,
                "BranchFailures": false
              }
            }
          ]
        },
        "OutputPath": "$..[?(@.ShouldFilterData == false || @.ListBranchErrors[0] == true)]",
        "Next": "StatusCheck"
      },
      "StatusCheck": {
        "Type": "Choice",
        "OutputPath": "$.[0].Input",
        "Choices": [
          {
            "Variable": "$[1].BranchFailures",
            "BooleanEquals": true,
            "Next": "Error"
          },
          {
            "Variable": "$[1].BranchFailures",
            "BooleanEquals": false,
            "Next": "Done"
          }
        ],
        "Default": "Done"
      },
      "Done": {
        "Type": "Succeed"
      },
      "Error": {
        "Type": "Pass",
        "Next": "octagon-log"
    },
    "octagon-log": {
        "Type": "Task",
        "Resource": "${lambda1}",
        "Next": "Failed"
    },
    "Failed": {
        "Type": "Fail"
    }
}
}